recent_score,time_taken_seconds,wrong_ratio,user_level
7.85,692,0.21,2
5.47,462,0.45,2
4.33,660,0.57,1
5.06,787,0.49,2
8.42,245,0.16,3
1.52,614,0.85,1
5.87,644,0.41,2
1.46,519,0.85,1
7.36,479,0.26,2
6.78,418,0.32,2
5.51,426,0.45,2
9.93,402,0.01,3
5.29,673,0.47,2
5.37,598,0.46,2
4.55,455,0.55,1
5.94,608,0.41,2
5.55,787,0.44,2
9.88,423,0.01,3
7.77,435,0.22,2
0.23,495,0.98,1
5.81,731,0.42,2
5.84,617,0.42,2
4.01,344,0.6,1
9.54,249,0.05,3
4.08,123,0.59,1
7.31,429,0.27,2
5.35,745,0.47,2
5.99,425,0.4,2
5.98,691,0.4,2
7.66,588,0.23,2
3.57,756,0.64,1
7.31,597,0.27,2
6.28,410,0.37,2
0.16,681,0.98,1
6.53,763,0.35,2
2.05,753,0.79,1
0.38,473,0.96,1
4.65,784,0.54,1
7.61,721,0.24,2
4.46,623,0.55,1
9.79,279,0.02,3
1.14,556,0.89,1
9.72,201,0.03,3
6.25,488,0.37,2
1.69,865,0.83,1
6.56,681,0.34,2
7.92,784,0.21,2
2.49,480,0.75,1
0.18,665,0.98,1
5.15,511,0.48,2
8.48,236,0.15,3
7.96,496,0.2,2
7.28,495,0.27,2
6.1,652,0.39,2
6.61,436,0.34,2
8.64,246,0.14,3
2.95,706,0.7,1
2.56,80,0.74,1
5.52,676,0.45,2
7.81,455,0.22,2
5.34,769,0.47,2
8.52,364,0.15,3
9.11,332,0.09,3
0.47,838,0.95,1
9.27,284,0.07,3
7.18,758,0.28,2
9.56,360,0.04,3
0.81,140,0.92,1
5.03,440,0.5,2
5.02,464,0.5,2
7.08,660,0.29,2
3.56,442,0.64,1
7.24,659,0.28,2
9.32,342,0.07,3
1.84,459,0.82,1
4.87,535,0.51,1
9.26,398,0.07,3
6.73,597,0.33,2
3.61,85,0.64,1
3.23,406,0.68,1
9.91,428,0.01,3
5.05,771,0.5,2
7.9,785,0.21,2
8.59,296,0.14,3
8.63,242,0.14,3
7.81,678,0.22,2
5.29,646,0.47,2
8.28,329,0.17,3
9.48,374,0.05,3
6.08,517,0.39,2
9.62,416,0.04,3
9.02,325,0.1,3
9.3,375,0.07,3
9.78,284,0.02,3
5.28,631,0.47,2
2.33,625,0.77,1
2.95,318,0.7,1
4.11,92,0.59,1
2.61,761,0.74,1
3.11,67,0.69,1
2.66,624,0.73,1
7.18,790,0.28,2
5.97,718,0.4,2
2.19,347,0.78,1
4.81,135,0.52,1
6.23,469,0.38,2
1.25,629,0.87,1
6.98,511,0.3,2
9.48,338,0.05,3
6.26,499,0.37,2
7.27,405,0.27,2
0.23,324,0.98,1
9.41,318,0.06,3
2.46,102,0.75,1
2.17,539,0.78,1
6.91,418,0.31,2
6.88,601,0.31,2
9.32,240,0.07,3
3.21,62,0.68,1
7.82,630,0.22,2
6.93,583,0.31,2
7.82,554,0.22,2
9.81,248,0.02,3
0.5,310,0.95,1
3.42,342,0.66,1
7.53,409,0.25,2
8.56,229,0.14,3
6.89,750,0.31,2
7.41,512,0.26,2
3.75,784,0.62,1
8.83,293,0.12,3
8.68,432,0.13,3
8.86,387,0.11,3
8.21,425,0.18,3
7.48,528,0.25,2
8.78,202,0.12,3
8.18,279,0.18,3
9.9,343,0.01,3
6.35,517,0.37,2
7.02,700,0.3,2
9.58,222,0.04,3
5.17,619,0.48,2
7.66,540,0.23,2
0.71,756,0.93,1
5.3,433,0.47,2
5.22,728,0.48,2
5.24,433,0.48,2
8.75,292,0.13,3
9.89,446,0.01,3
8.75,220,0.12,3
9.12,306,0.09,3
8.22,323,0.18,3
2.34,333,0.77,1
0.59,689,0.94,1
6.75,784,0.32,2
5.86,747,0.41,2
4.82,307,0.52,1
8.09,422,0.19,3
7.98,429,0.2,2
7.91,609,0.21,2
7.09,581,0.29,2
6.75,760,0.32,2
1.4,870,0.86,1
8.91,355,0.11,3
0.94,578,0.91,1
6.75,431,0.32,2
9.97,374,0.0,3
5.93,725,0.41,2
5.49,764,0.45,2
9.9,381,0.01,3
6.25,773,0.37,2
8.09,206,0.19,3
7.43,794,0.26,2
2.97,528,0.7,1
9.68,409,0.03,3
6.24,509,0.38,2
4.32,787,0.57,1
9.99,338,0.0,3
9.89,412,0.01,3
2.25,377,0.77,1
9.21,257,0.08,3
6.85,543,0.31,2
3.36,612,0.66,1
9.04,413,0.1,3
6.68,750,0.33,2
5.4,411,0.46,2
9.24,376,0.08,3
0.68,308,0.93,1
6.77,556,0.32,2
7.71,539,0.23,2
7.35,558,0.26,2
7.59,779,0.24,2
4.63,104,0.54,1
2.3,888,0.77,1
5.99,653,0.4,2
0.38,377,0.96,1
0.76,383,0.92,1
5.55,538,0.45,2
8.95,366,0.11,3
0.96,324,0.9,1
1.39,406,0.86,1
0.6,576,0.94,1
1.82,105,0.82,1
5.12,719,0.49,2
5.25,749,0.48,2
8.12,269,0.19,3
9.5,246,0.05,3
1.85,590,0.81,1
6.11,585,0.39,2
5.11,500,0.49,2
7.69,604,0.23,2
5.32,578,0.47,2
5.73,507,0.43,2
5.06,528,0.49,2
1.64,371,0.84,1
9.19,369,0.08,3
9.0,221,0.1,3
6.76,698,0.32,2
5.38,513,0.46,2
6.94,628,0.31,2
7.96,642,0.2,2
0.51,391,0.95,1
0.8,76,0.92,1
0.87,838,0.91,1
2.62,546,0.74,1
8.22,299,0.18,3
9.73,404,0.03,3
0.85,701,0.91,1
9.11,342,0.09,3
3.85,412,0.62,1
6.28,603,0.37,2
0.57,666,0.94,1
2.91,392,0.71,1
6.6,420,0.34,2
5.4,425,0.46,2
8.64,402,0.14,3
3.41,128,0.66,1
6.41,564,0.36,2
7.79,732,0.22,2
8.25,382,0.18,3
8.36,216,0.16,3
6.72,736,0.33,2
3.98,78,0.6,1
0.82,788,0.92,1
6.57,543,0.34,2
8.78,404,0.12,3
6.13,585,0.39,2
7.24,601,0.28,2
4.5,530,0.55,1
7.72,649,0.23,2
4.7,676,0.53,1
5.42,717,0.46,2
6.6,757,0.34,2
8.3,277,0.17,3
3.72,63,0.63,1
7.29,750,0.27,2
7.46,444,0.25,2
8.25,299,0.17,3
8.3,257,0.17,3
7.16,656,0.28,2
6.63,500,0.34,2
5.54,763,0.45,2
6.2,584,0.38,2
8.31,346,0.17,3
6.83,407,0.32,2
9.86,341,0.01,3
7.77,682,0.22,2
2.88,664,0.71,1
7.21,773,0.28,2
8.9,228,0.11,3
9.68,231,0.03,3
9.74,329,0.03,3
6.2,421,0.38,2
7.41,401,0.26,2
6.19,614,0.38,2
8.69,286,0.13,3
6.36,489,0.36,2
5.42,470,0.46,2
6.26,765,0.37,2
6.74,652,0.33,2
3.32,406,0.67,1
8.3,303,0.17,3
4.98,601,0.5,1
5.2,699,0.48,2
4.49,423,0.55,1
0.18,583,0.98,1
5.2,710,0.48,2
6.57,576,0.34,2
6.68,462,0.33,2
4.31,867,0.57,1
5.81,657,0.42,2
5.08,462,0.49,2
6.98,410,0.3,2
1.16,120,0.88,1
0.52,779,0.95,1
3.26,442,0.67,1
1.22,125,0.88,1
9.66,299,0.03,3
5.61,517,0.44,2
8.03,221,0.2,3
0.13,408,0.99,1
6.26,757,0.37,2
8.68,264,0.13,3
6.77,507,0.32,2
6.23,620,0.38,2
5.88,779,0.41,2
8.28,417,0.17,3
7.68,719,0.23,2
5.07,507,0.49,2
6.9,503,0.31,2
4.17,890,0.58,1
5.52,508,0.45,2
4.57,370,0.54,1
5.82,621,0.42,2
7.49,482,0.25,2
0.68,840,0.93,1
9.19,350,0.08,3
5.53,765,0.45,2
6.15,607,0.39,2
0.83,742,0.92,1
3.02,447,0.7,1
5.87,542,0.41,2
5.89,626,0.41,2
6.99,774,0.3,2
5.64,412,0.44,2
2.98,330,0.7,1
6.79,533,0.32,2
8.21,218,0.18,3
6.49,675,0.35,2
5.74,727,0.43,2
9.39,268,0.06,3
6.08,436,0.39,2
8.27,437,0.17,3
5.56,616,0.44,2
9.46,401,0.05,3
7.08,739,0.29,2
2.45,432,0.76,1
9.89,209,0.01,3
7.78,472,0.22,2
7.75,413,0.23,2
5.89,769,0.41,2
9.89,318,0.01,3
9.69,279,0.03,3
8.07,349,0.19,3
0.6,346,0.94,1
6.02,689,0.4,2
1.58,108,0.84,1
8.64,356,0.14,3
9.23,258,0.08,3
4.35,312,0.56,1
9.06,434,0.09,3
10.0,287,0.0,3
8.8,319,0.12,3
7.62,793,0.24,2
8.84,305,0.12,3
5.72,444,0.43,2
5.86,518,0.41,2
0.21,61,0.98,1
8.86,296,0.11,3
5.65,779,0.43,2
8.18,304,0.18,3
9.89,316,0.01,3
5.5,796,0.45,2
4.71,118,0.53,1
6.54,492,0.35,2
1.1,411,0.89,1
8.7,214,0.13,3
9.77,431,0.02,3
8.35,299,0.17,3
9.39,238,0.06,3
8.45,255,0.16,3
6.78,632,0.32,2
4.39,459,0.56,1
4.44,873,0.56,1
9.62,363,0.04,3
5.26,563,0.47,2
5.78,689,0.42,2
5.24,488,0.48,2
5.23,740,0.48,2
6.44,636,0.36,2
8.7,369,0.13,3
5.8,751,0.42,2
9.32,412,0.07,3
9.42,409,0.06,3
7.04,647,0.3,2
8.32,420,0.17,3
8.06,406,0.19,3
1.68,746,0.83,1
4.09,799,0.59,1
5.02,514,0.5,2
7.94,652,0.21,2
3.17,623,0.68,1
8.21,390,0.18,3
7.89,536,0.21,2
7.8,441,0.22,2
9.38,216,0.06,3
7.12,426,0.29,2
6.04,648,0.4,2
4.36,884,0.56,1
9.5,232,0.05,3
8.05,205,0.2,3
6.47,708,0.35,2
6.34,509,0.37,2
8.85,312,0.11,3
3.97,716,0.6,1
0.41,708,0.96,1
5.82,780,0.42,2
2.16,144,0.78,1
6.92,559,0.31,2
4.92,96,0.51,1
8.46,253,0.15,3
3.26,521,0.67,1
8.95,442,0.11,3
4.34,765,0.57,1
9.69,390,0.03,3
5.39,413,0.46,2
9.23,399,0.08,3
5.35,450,0.46,2
6.29,480,0.37,2
5.19,632,0.48,2
3.99,486,0.6,1
5.03,428,0.5,2
6.44,640,0.36,2
3.47,137,0.65,1
8.08,320,0.19,3
1.21,148,0.88,1
2.49,670,0.75,1
6.68,403,0.33,2
6.55,435,0.34,2
5.1,431,0.49,2
5.4,627,0.46,2
7.4,480,0.26,2
0.52,681,0.95,1
5.09,774,0.49,2
2.71,725,0.73,1
9.43,400,0.06,3
7.44,432,0.26,2
9.1,404,0.09,3
6.93,610,0.31,2
5.24,424,0.48,2
0.8,823,0.92,1
4.88,502,0.51,1
3.95,695,0.61,1
6.67,687,0.33,2
4.98,884,0.5,1
5.6,672,0.44,2
0.15,454,0.98,1
7.6,690,0.24,2
6.28,538,0.37,2
7.96,416,0.2,2
9.16,309,0.08,3
6.46,749,0.35,2
8.84,269,0.12,3
7.74,484,0.23,2
6.89,693,0.31,2
3.58,845,0.64,1
1.19,882,0.88,1
4.27,595,0.57,1
4.35,100,0.56,1
6.08,637,0.39,2
1.96,147,0.8,1
3.28,89,0.67,1
8.26,442,0.17,3
5.71,429,0.43,2
2.6,502,0.74,1
8.86,262,0.11,3
7.12,466,0.29,2
0.18,741,0.98,1
6.42,737,0.36,2
9.17,417,0.08,3
0.56,84,0.94,1
2.66,144,0.73,1
0.61,571,0.94,1
8.63,326,0.14,3
0.74,891,0.93,1
8.01,437,0.2,3
7.6,581,0.24,2
6.47,666,0.35,2
0.15,484,0.99,1
5.61,669,0.44,2
8.19,368,0.18,3
7.6,470,0.24,2
7.51,777,0.25,2
6.49,647,0.35,2
9.14,207,0.09,3
9.38,369,0.06,3
3.29,536,0.67,1
5.32,663,0.47,2
8.1,444,0.19,3
7.61,712,0.24,2
7.22,751,0.28,2
5.98,667,0.4,2
9.52,399,0.05,3
7.45,448,0.25,2
5.02,529,0.5,2
6.19,678,0.38,2
6.35,495,0.37,2
5.68,429,0.43,2
7.0,647,0.3,2
6.14,745,0.39,2
6.44,410,0.36,2
6.14,559,0.39,2
6.6,643,0.34,2
9.63,379,0.04,3
8.04,248,0.2,3
3.24,838,0.68,1
4.64,336,0.54,1
8.7,225,0.13,3
5.77,513,0.42,2
7.41,615,0.26,2
6.83,686,0.32,2
2.07,373,0.79,1
3.41,408,0.66,1
7.13,442,0.29,2
5.77,785,0.42,2
7.42,620,0.26,2
3.17,870,0.68,1
7.46,753,0.25,2
1.06,114,0.89,1
7.52,760,0.25,2
5.71,712,0.43,2
4.11,554,0.59,1
5.29,649,0.47,2
6.76,467,0.32,2
7.59,486,0.24,2
0.12,685,0.99,1
6.64,492,0.34,2
6.78,598,0.32,2
8.27,373,0.17,3
6.28,687,0.37,2
7.97,451,0.2,2
3.62,647,0.64,1
0.4,351,0.96,1
8.38,280,0.16,3
1.77,341,0.82,1
5.2,720,0.48,2
2.7,828,0.73,1
6.6,529,0.34,2
7.01,797,0.3,2
6.67,692,0.33,2
5.18,624,0.48,2
8.35,372,0.16,3
2.68,68,0.73,1
7.27,539,0.27,2
7.39,770,0.26,2
2.0,391,0.8,1
9.85,334,0.01,3
9.04,355,0.1,3
3.78,376,0.62,1
9.56,377,0.04,3
1.52,457,0.85,1
5.26,774,0.47,2
5.92,558,0.41,2
6.8,606,0.32,2
8.99,448,0.1,3
8.42,432,0.16,3
4.09,528,0.59,1
9.74,401,0.03,3
8.61,220,0.14,3
5.52,677,0.45,2
7.93,656,0.21,2
8.27,415,0.17,3
8.97,351,0.1,3
8.35,325,0.17,3
5.44,547,0.46,2
0.13,381,0.99,1
9.1,441,0.09,3
5.94,602,0.41,2
5.32,656,0.47,2
3.1,690,0.69,1
0.31,768,0.97,1
5.17,797,0.48,2
3.48,890,0.65,1
0.71,372,0.93,1
5.3,676,0.47,2
2.55,898,0.75,1
9.23,276,0.08,3
6.58,570,0.34,2
4.43,569,0.56,1
1.84,548,0.82,1
9.47,392,0.05,3
2.08,103,0.79,1
1.3,128,0.87,1
2.68,429,0.73,1
1.21,885,0.88,1
9.92,321,0.01,3
2.74,572,0.73,1
8.2,322,0.18,3
1.62,742,0.84,1
6.13,557,0.39,2
7.36,756,0.26,2
9.57,278,0.04,3
6.31,501,0.37,2
8.08,425,0.19,3
6.91,663,0.31,2
9.27,353,0.07,3
2.59,390,0.74,1
6.54,672,0.35,2
0.42,124,0.96,1
0.36,307,0.96,1
9.48,288,0.05,3
1.75,764,0.83,1
5.56,469,0.44,2
3.3,758,0.67,1
0.1,67,0.99,1
8.59,392,0.14,3
6.15,482,0.39,2
3.08,764,0.69,1
6.59,416,0.34,2
9.6,273,0.04,3
9.2,345,0.08,3
7.44,662,0.26,2
1.69,856,0.83,1
1.86,559,0.81,1
6.84,777,0.32,2
0.61,418,0.94,1
9.29,271,0.07,3
9.72,411,0.03,3
8.5,388,0.15,3
7.53,691,0.25,2
9.31,244,0.07,3
7.95,774,0.2,2
0.82,379,0.92,1
7.45,485,0.25,2
7.52,693,0.25,2
6.77,603,0.32,2
2.83,713,0.72,1
9.27,390,0.07,3
2.31,305,0.77,1
3.63,149,0.64,1
2.01,780,0.8,1
2.78,739,0.72,1
5.56,542,0.44,2
9.11,201,0.09,3
8.07,386,0.19,3
4.79,520,0.52,1
5.45,522,0.46,2
9.99,292,0.0,3
7.17,754,0.28,2
6.17,565,0.38,2
5.01,647,0.5,2
7.38,437,0.26,2
6.44,656,0.36,2
2.9,110,0.71,1
6.81,670,0.32,2
8.54,406,0.15,3
5.23,423,0.48,2
7.35,683,0.26,2
9.03,310,0.1,3
1.64,560,0.84,1
1.1,658,0.89,1
8.0,773,0.2,2
6.26,654,0.37,2
8.24,302,0.18,3
8.77,342,0.12,3
5.55,544,0.44,2
5.08,409,0.49,2
8.55,329,0.15,3
4.7,455,0.53,1
7.62,736,0.24,2
4.01,574,0.6,1
5.4,432,0.46,2
6.49,574,0.35,2
7.3,463,0.27,2
5.41,700,0.46,2
7.87,427,0.21,2
1.41,457,0.86,1
4.53,449,0.55,1
3.8,100,0.62,1
8.13,321,0.19,3
0.31,843,0.97,1
2.66,96,0.73,1
7.7,408,0.23,2
7.89,624,0.21,2
8.1,304,0.19,3
3.65,888,0.63,1
3.27,418,0.67,1
6.39,788,0.36,2
6.05,445,0.4,2
1.13,82,0.89,1
9.12,330,0.09,3
4.3,125,0.57,1
3.54,108,0.65,1
2.29,103,0.77,1
4.73,136,0.53,1
6.39,564,0.36,2
6.64,424,0.34,2
7.42,583,0.26,2
3.93,420,0.61,1
0.82,498,0.92,1
9.04,251,0.1,3
9.76,417,0.02,3
2.26,890,0.77,1
8.05,216,0.19,3
7.73,615,0.23,2
5.32,662,0.47,2
8.76,393,0.12,3
8.41,330,0.16,3
3.96,646,0.6,1
7.39,558,0.26,2
9.07,239,0.09,3
7.38,526,0.26,2
9.81,269,0.02,3
8.28,250,0.17,3
4.47,692,0.55,1
2.2,669,0.78,1
4.41,132,0.56,1
7.9,567,0.21,2
9.34,358,0.07,3
4.41,556,0.56,1
0.06,635,0.99,1
7.16,756,0.28,2
3.66,412,0.63,1
9.64,335,0.04,3
5.94,588,0.41,2
8.92,289,0.11,3
7.48,534,0.25,2
3.56,795,0.64,1
1.2,72,0.88,1
6.35,699,0.36,2
6.86,540,0.31,2
8.94,444,0.11,3
5.38,670,0.46,2
7.06,427,0.29,2
4.28,80,0.57,1
8.56,360,0.14,3
6.54,522,0.35,2
0.17,482,0.98,1
7.81,748,0.22,2
9.58,366,0.04,3
4.54,702,0.55,1
5.33,578,0.47,2
7.59,618,0.24,2
7.93,444,0.21,2
5.13,695,0.49,2
8.56,414,0.14,3
4.55,752,0.54,1
8.04,440,0.2,3
5.91,731,0.41,2
4.36,367,0.56,1
6.62,438,0.34,2
0.06,102,0.99,1
6.8,518,0.32,2
3.72,328,0.63,1
9.7,366,0.03,3
7.68,474,0.23,2
1.2,776,0.88,1
2.91,897,0.71,1
9.04,215,0.1,3
9.2,228,0.08,3
4.55,701,0.55,1
9.76,342,0.02,3
6.29,526,0.37,2
7.32,640,0.27,2
8.89,351,0.11,3
6.78,681,0.32,2
2.56,362,0.74,1
6.46,660,0.35,2
9.2,385,0.08,3
6.9,428,0.31,2
1.81,583,0.82,1
0.7,84,0.93,1
8.66,320,0.13,3
3.05,468,0.69,1
2.58,60,0.74,1
1.1,322,0.89,1
1.69,781,0.83,1
6.54,517,0.35,2
8.79,221,0.12,3
5.34,538,0.47,2
7.62,597,0.24,2
7.98,452,0.2,2
1.97,553,0.8,1
7.72,685,0.23,2
5.93,729,0.41,2
9.64,200,0.04,3
5.15,503,0.48,2
3.02,711,0.7,1
1.92,573,0.81,1
5.36,567,0.46,2
8.14,220,0.19,3
7.83,667,0.22,2
6.09,637,0.39,2
3.18,847,0.68,1
7.62,689,0.24,2
4.51,65,0.55,1
5.43,404,0.46,2
5.89,594,0.41,2
5.13,449,0.49,2
6.03,691,0.4,2
7.54,676,0.25,2
7.02,510,0.3,2
7.37,578,0.26,2
9.64,414,0.04,3
8.86,279,0.11,3
6.11,640,0.39,2
7.07,549,0.29,2
2.15,385,0.78,1
8.69,238,0.13,3
3.23,682,0.68,1
5.22,563,0.48,2
7.03,642,0.3,2
5.65,795,0.43,2
7.06,456,0.29,2
5.08,602,0.49,2
8.77,209,0.12,3
1.94,396,0.81,1
3.78,575,0.62,1
4.5,369,0.55,1
8.63,422,0.14,3
7.48,793,0.25,2
4.81,533,0.52,1
6.02,616,0.4,2
2.77,108,0.72,1
9.67,310,0.03,3
5.78,477,0.42,2
1.71,462,0.83,1
9.12,286,0.09,3
5.42,577,0.46,2
6.47,560,0.35,2
9.76,355,0.02,3
6.86,480,0.31,2
5.12,590,0.49,2
5.68,785,0.43,2
9.44,333,0.06,3
8.26,397,0.17,3
3.97,465,0.6,1
9.89,237,0.01,3
7.94,593,0.21,2
9.18,293,0.08,3
1.02,757,0.9,1
6.53,596,0.35,2
7.6,792,0.24,2
7.48,705,0.25,2
7.87,480,0.21,2
4.27,563,0.57,1
9.79,215,0.02,3
8.9,327,0.11,3
7.78,407,0.22,2
7.06,689,0.29,2
5.4,519,0.46,2
7.41,511,0.26,2
4.79,305,0.52,1
9.35,407,0.06,3
0.07,742,0.99,1
9.48,235,0.05,3
9.54,364,0.05,3
9.69,353,0.03,3
2.44,346,0.76,1
6.22,426,0.38,2
5.33,723,0.47,2
8.14,438,0.19,3
5.9,430,0.41,2
7.38,682,0.26,2
0.36,541,0.96,1
1.16,468,0.88,1
9.86,301,0.01,3
8.64,319,0.14,3
3.2,887,0.68,1
6.07,659,0.39,2
4.44,105,0.56,1
6.76,649,0.32,2
3.41,81,0.66,1
7.47,721,0.25,2
6.56,457,0.34,2
8.54,324,0.15,3
0.67,677,0.93,1
3.74,490,0.63,1
2.56,328,0.74,1
3.53,65,0.65,1
8.01,261,0.2,3
5.95,440,0.41,2
5.81,737,0.42,2
7.37,756,0.26,2
7.73,550,0.23,2
8.18,371,0.18,3
6.16,653,0.38,2
5.01,466,0.5,2
7.0,786,0.3,2
9.9,375,0.01,3
0.53,130,0.95,1
5.14,544,0.49,2
9.0,308,0.1,3
5.63,547,0.44,2
5.16,707,0.48,2
7.47,740,0.25,2
3.29,102,0.67,1
8.43,369,0.16,3
5.89,454,0.41,2
7.22,526,0.28,2
6.19,685,0.38,2
4.45,472,0.55,1
5.17,444,0.48,2
5.8,734,0.42,2
1.9,502,0.81,1
0.62,97,0.94,1
6.21,612,0.38,2
5.03,585,0.5,2
9.04,369,0.1,3
7.32,709,0.27,2
7.93,450,0.21,2
3.85,784,0.61,1
1.33,310,0.87,1
3.87,106,0.61,1
6.12,400,0.39,2
3.23,884,0.68,1
8.05,424,0.2,3
9.56,314,0.04,3
5.91,426,0.41,2
1.23,590,0.88,1
6.42,423,0.36,2
9.89,396,0.01,3
9.09,440,0.09,3
1.83,80,0.82,1
0.7,673,0.93,1
9.16,236,0.08,3
9.27,297,0.07,3
5.78,538,0.42,2
8.58,317,0.14,3
9.42,215,0.06,3
0.04,678,1.0,1
5.4,783,0.46,2
5.73,600,0.43,2
5.23,509,0.48,2
8.92,336,0.11,3
5.13,466,0.49,2
5.63,419,0.44,2
9.96,398,0.0,3
8.48,440,0.15,3
4.76,149,0.52,1
7.94,627,0.21,2
2.18,656,0.78,1
3.11,888,0.69,1
3.96,844,0.6,1
9.92,330,0.01,3
9.51,240,0.05,3
7.15,498,0.28,2
7.0,465,0.3,2
7.31,599,0.27,2
0.05,514,1.0,1
8.46,358,0.15,3
1.61,808,0.84,1
5.29,571,0.47,2
2.4,697,0.76,1
1.44,538,0.86,1
9.99,211,0.0,3
8.74,298,0.13,3
9.84,437,0.02,3
6.07,715,0.39,2
2.82,515,0.72,1
5.72,476,0.43,2
8.2,326,0.18,3
0.19,321,0.98,1
4.33,469,0.57,1
9.16,309,0.08,3
6.55,703,0.34,2
1.77,836,0.82,1
9.79,304,0.02,3
8.95,324,0.1,3
2.96,76,0.7,1
7.57,482,0.24,2
0.35,144,0.97,1
6.23,724,0.38,2
8.66,373,0.13,3
9.31,237,0.07,3
9.08,270,0.09,3
5.11,451,0.49,2
8.0,304,0.2,3
5.16,789,0.48,2
1.52,482,0.85,1
0.01,737,1.0,1
8.45,365,0.16,3
7.55,569,0.25,2
5.98,685,0.4,2
8.36,292,0.16,3
9.61,446,0.04,3
8.79,347,0.12,3
5.24,617,0.48,2
5.5,712,0.45,2
7.86,416,0.21,2
3.01,477,0.7,1
7.28,441,0.27,2
6.53,547,0.35,2
9.66,374,0.03,3
6.39,768,0.36,2
7.19,744,0.28,2
4.04,417,0.6,1
6.01,791,0.4,2
9.4,381,0.06,3
7.84,598,0.22,2
5.49,714,0.45,2
6.15,410,0.38,2
8.02,375,0.2,3
8.88,258,0.11,3
7.45,618,0.25,2
8.1,326,0.19,3
7.59,471,0.24,2
9.11,299,0.09,3
4.33,394,0.57,1
5.87,748,0.41,2
7.39,500,0.26,2
6.72,733,0.33,2
8.02,368,0.2,3
2.74,472,0.73,1
6.06,648,0.39,2
7.2,561,0.28,2
3.92,471,0.61,1
7.06,532,0.29,2
1.87,866,0.81,1
7.01,652,0.3,2
2.09,750,0.79,1
1.39,465,0.86,1
7.94,427,0.21,2
5.54,788,0.45,2
2.02,742,0.8,1
6.27,538,0.37,2
5.79,482,0.42,2
5.81,514,0.42,2
7.91,641,0.21,2
0.38,870,0.96,1
0.46,113,0.95,1
6.95,506,0.31,2
4.83,82,0.52,1
7.12,644,0.29,2
5.81,639,0.42,2
9.89,226,0.01,3
4.72,741,0.53,1
8.41,346,0.16,3
7.04,563,0.3,2
2.91,82,0.71,1
7.87,559,0.21,2
8.38,368,0.16,3
8.2,202,0.18,3
5.28,699,0.47,2
8.87,264,0.11,3
7.17,403,0.28,2
6.84,655,0.32,2
3.57,354,0.64,1
4.39,743,0.56,1
1.24,428,0.88,1
1.24,337,0.88,1
7.2,642,0.28,2
5.24,780,0.48,2
9.61,405,0.04,3
9.09,250,0.09,3
7.23,695,0.28,2
5.21,548,0.48,2
9.17,334,0.08,3
1.84,140,0.82,1
7.36,581,0.26,2
5.75,682,0.43,2
6.33,659,0.37,2
8.13,406,0.19,3
2.22,313,0.78,1
6.51,422,0.35,2
7.78,442,0.22,2
8.82,363,0.12,3
0.8,74,0.92,1
0.93,119,0.91,1
9.63,371,0.04,3
1.45,485,0.86,1
2.58,621,0.74,1
6.06,731,0.39,2
8.62,428,0.14,3
8.65,288,0.13,3
7.82,750,0.22,2
1.96,632,0.8,1
5.58,743,0.44,2
7.51,743,0.25,2
6.32,644,0.37,2
3.37,407,0.66,1
5.69,447,0.43,2
0.01,124,1.0,1
6.54,464,0.35,2
0.1,399,0.99,1
8.48,288,0.15,3
1.11,611,0.89,1
5.74,423,0.43,2
5.7,487,0.43,2
9.23,339,0.08,3
6.29,616,0.37,2
7.11,468,0.29,2
6.24,748,0.38,2
6.6,446,0.34,2
5.35,534,0.46,2
3.46,423,0.65,1
7.69,481,0.23,2
6.26,407,0.37,2
8.14,318,0.19,3
6.89,675,0.31,2
0.05,125,1.0,1
7.51,728,0.25,2
8.97,283,0.1,3
8.9,245,0.11,3
9.77,316,0.02,3
1.94,132,0.81,1
8.41,216,0.16,3
8.78,335,0.12,3
8.13,362,0.19,3
1.88,132,0.81,1
7.99,623,0.2,2
5.66,540,0.43,2
5.21,547,0.48,2
7.17,662,0.28,2
5.03,487,0.5,2
6.45,402,0.35,2
9.55,337,0.05,3
3.83,112,0.62,1
9.5,400,0.05,3
5.42,668,0.46,2
7.23,467,0.28,2
4.45,127,0.55,1
9.52,349,0.05,3
7.67,631,0.23,2
5.47,589,0.45,2
5.81,480,0.42,2
5.72,485,0.43,2
7.72,602,0.23,2
0.38,717,0.96,1
7.47,663,0.25,2
8.54,373,0.15,3
4.7,681,0.53,1
5.81,476,0.42,2
5.66,638,0.43,2
3.31,788,0.67,1
9.52,246,0.05,3
3.49,93,0.65,1
5.09,503,0.49,2
4.4,81,0.56,1
5.12,666,0.49,2
7.69,755,0.23,2
7.7,798,0.23,2
9.69,262,0.03,3
5.2,437,0.48,2
8.65,387,0.13,3
9.72,449,0.03,3
0.2,97,0.98,1
0.11,92,0.99,1
9.13,278,0.09,3
5.7,405,0.43,2
9.25,390,0.08,3
4.19,671,0.58,1
6.87,745,0.31,2
6.74,796,0.33,2
8.88,376,0.11,3
5.69,638,0.43,2
9.86,285,0.01,3
5.63,798,0.44,2
9.3,401,0.07,3
6.78,421,0.32,2
7.02,671,0.3,2
7.83,466,0.22,2
7.07,678,0.29,2
5.83,462,0.42,2
6.8,471,0.32,2
6.37,667,0.36,2
8.34,204,0.17,3
9.22,374,0.08,3
9.61,440,0.04,3
6.47,560,0.35,2
2.86,466,0.71,1
9.17,348,0.08,3
5.16,412,0.48,2
5.25,642,0.47,2
9.77,364,0.02,3
4.31,831,0.57,1
3.69,85,0.63,1
9.99,207,0.0,3
9.25,443,0.08,3
7.54,424,0.25,2
5.2,790,0.48,2
9.71,434,0.03,3
1.93,66,0.81,1
1.15,581,0.89,1
0.5,75,0.95,1
4.87,755,0.51,1
8.88,269,0.11,3
8.65,274,0.13,3
0.65,453,0.94,1
7.02,425,0.3,2
4.05,388,0.6,1
7.59,461,0.24,2
2.42,481,0.76,1
7.41,454,0.26,2
6.52,457,0.35,2
5.82,595,0.42,2
2.3,483,0.77,1
8.11,304,0.19,3
7.18,629,0.28,2
7.33,744,0.27,2
6.61,736,0.34,2
9.78,292,0.02,3
2.45,744,0.76,1
6.45,735,0.36,2
7.58,562,0.24,2
6.36,704,0.36,2
0.98,870,0.9,1
2.84,112,0.72,1
6.93,491,0.31,2
6.12,664,0.39,2
2.85,76,0.71,1
1.09,409,0.89,1
8.57,431,0.14,3
9.14,235,0.09,3
7.39,546,0.26,2
2.78,807,0.72,1
8.35,368,0.16,3
1.09,824,0.89,1
1.32,60,0.87,1
9.59,356,0.04,3
8.3,314,0.17,3
5.28,594,0.47,2
8.08,272,0.19,3
1.19,845,0.88,1
6.4,704,0.36,2
2.44,98,0.76,1
8.0,707,0.2,2
7.48,468,0.25,2
1.02,504,0.9,1
6.85,764,0.32,2
6.5,420,0.35,2
2.76,99,0.72,1
8.32,206,0.17,3
5.71,419,0.43,2
5.33,643,0.47,2
0.87,527,0.91,1
8.78,387,0.12,3
3.86,81,0.61,1
6.7,771,0.33,2
5.2,407,0.48,2
9.05,393,0.1,3
1.73,318,0.83,1
9.34,433,0.07,3
3.06,707,0.69,1
7.54,778,0.25,2
9.48,269,0.05,3
4.82,306,0.52,1
7.12,649,0.29,2
8.62,284,0.14,3
2.21,456,0.78,1
7.5,774,0.25,2
1.86,857,0.81,1
0.46,397,0.95,1
5.45,787,0.45,2
6.5,498,0.35,2
6.99,700,0.3,2
9.16,426,0.08,3
9.51,213,0.05,3
1.06,698,0.89,1
6.21,753,0.38,2
9.82,278,0.02,3
5.81,476,0.42,2
1.71,557,0.83,1
8.24,383,0.18,3
5.86,597,0.41,2
2.98,560,0.7,1
0.58,628,0.94,1
8.69,383,0.13,3
7.79,728,0.22,2
6.97,759,0.3,2
5.98,404,0.4,2
9.6,226,0.04,3
6.39,447,0.36,2
8.43,216,0.16,3
7.22,412,0.28,2
6.6,441,0.34,2
2.84,477,0.72,1
9.64,445,0.04,3
4.85,558,0.52,1
5.15,421,0.48,2
6.37,490,0.36,2
5.76,631,0.42,2
7.47,728,0.25,2
6.05,545,0.39,2
8.66,252,0.13,3
2.33,103,0.77,1
8.44,295,0.16,3
9.65,296,0.04,3
5.91,773,0.41,2
4.67,710,0.53,1
5.1,590,0.49,2
5.48,662,0.45,2
9.12,378,0.09,3
2.09,369,0.79,1
7.82,664,0.22,2
1.77,630,0.82,1
7.5,725,0.25,2
6.12,502,0.39,2
1.77,547,0.82,1
6.97,428,0.3,2
5.55,462,0.45,2
8.08,304,0.19,3
4.4,634,0.56,1
2.51,738,0.75,1
8.44,421,0.16,3
9.83,358,0.02,3
6.21,700,0.38,2
7.03,571,0.3,2
7.47,458,0.25,2
9.08,411,0.09,3
6.14,766,0.39,2
4.22,590,0.58,1
5.93,629,0.41,2
5.12,508,0.49,2
4.89,879,0.51,1
7.19,538,0.28,2
7.42,778,0.26,2
7.35,506,0.27,2
8.05,350,0.19,3
7.06,448,0.29,2
8.36,355,0.16,3
1.54,627,0.85,1
5.48,468,0.45,2
7.27,759,0.27,2
1.97,69,0.8,1
3.31,661,0.67,1
1.17,314,0.88,1
9.95,233,0.01,3
4.34,855,0.57,1
5.15,415,0.48,2
6.18,411,0.38,2
5.03,714,0.5,2
5.12,635,0.49,2
7.92,617,0.21,2
3.55,462,0.65,1
8.75,337,0.13,3
2.13,799,0.79,1
8.45,256,0.16,3
9.86,223,0.01,3
6.01,748,0.4,2
1.06,751,0.89,1
2.46,565,0.75,1
6.18,611,0.38,2
2.86,783,0.71,1
8.31,237,0.17,3
1.81,96,0.82,1
5.17,413,0.48,2
7.09,477,0.29,2
5.78,754,0.42,2
8.59,257,0.14,3
5.72,668,0.43,2
9.35,406,0.07,3
5.47,695,0.45,2
7.01,508,0.3,2
4.96,393,0.5,1
9.95,398,0.0,3
6.73,746,0.33,2
2.34,115,0.77,1
6.28,532,0.37,2
7.55,480,0.24,2
9.38,405,0.06,3
7.34,406,0.27,2
8.08,422,0.19,3
8.59,252,0.14,3
8.51,416,0.15,3
0.63,887,0.94,1
7.54,529,0.25,2
6.78,641,0.32,2
6.73,571,0.33,2
3.84,435,0.62,1
5.7,650,0.43,2
5.66,423,0.43,2
3.03,809,0.7,1
3.67,504,0.63,1
7.79,532,0.22,2
5.04,432,0.5,2
0.14,678,0.99,1
6.64,469,0.34,2
3.32,879,0.67,1
4.45,646,0.55,1
6.5,427,0.35,2
3.0,504,0.7,1
8.81,235,0.12,3
5.88,610,0.41,2
7.7,716,0.23,2
7.04,778,0.3,2
0.01,463,1.0,1
3.31,680,0.67,1
5.05,691,0.5,2
7.0,622,0.3,2
5.4,437,0.46,2
9.84,362,0.02,3
2.01,737,0.8,1
8.24,200,0.18,3
6.07,501,0.39,2
2.7,810,0.73,1
9.13,328,0.09,3
2.74,94,0.73,1
6.17,496,0.38,2
1.57,357,0.84,1
4.94,566,0.51,1
7.62,798,0.24,2
7.44,530,0.26,2
6.21,669,0.38,2
5.95,453,0.41,2
5.38,631,0.46,2
7.1,701,0.29,2
9.0,382,0.1,3
5.56,410,0.44,2
2.22,670,0.78,1
8.39,231,0.16,3
8.22,319,0.18,3
6.62,434,0.34,2
0.53,651,0.95,1
5.7,655,0.43,2
8.08,324,0.19,3
5.76,523,0.42,2
7.69,723,0.23,2
7.19,545,0.28,2
6.4,475,0.36,2
6.67,543,0.33,2
8.04,278,0.2,3
3.83,721,0.62,1
7.03,558,0.3,2
8.91,303,0.11,3
8.5,230,0.15,3
7.91,551,0.21,2
1.7,603,0.83,1
3.29,149,0.67,1
6.06,560,0.39,2
4.42,548,0.56,1
6.98,576,0.3,2
5.18,725,0.48,2
9.3,438,0.07,3
2.39,661,0.76,1
6.2,535,0.38,2
1.96,397,0.8,1
5.63,423,0.44,2
6.79,748,0.32,2
6.04,721,0.4,2
5.24,626,0.48,2
8.79,274,0.12,3
0.76,559,0.92,1
5.24,775,0.48,2
9.17,407,0.08,3
2.38,678,0.76,1
9.57,269,0.04,3
8.25,418,0.18,3
8.35,380,0.16,3
2.03,609,0.8,1
7.81,668,0.22,2
7.43,780,0.26,2
4.91,351,0.51,1
8.56,233,0.14,3
6.93,552,0.31,2
3.0,141,0.7,1
5.65,577,0.44,2
4.1,795,0.59,1
6.06,719,0.39,2
7.48,652,0.25,2
9.2,303,0.08,3
9.08,351,0.09,3
3.13,642,0.69,1
0.3,662,0.97,1
9.05,256,0.1,3
5.24,576,0.48,2
0.92,421,0.91,1
5.15,559,0.48,2
6.45,553,0.36,2
8.29,326,0.17,3
0.36,644,0.96,1
7.63,623,0.24,2
8.1,224,0.19,3
0.93,624,0.91,1
5.14,778,0.49,2
8.59,219,0.14,3
0.63,373,0.94,1
5.74,543,0.43,2
9.37,437,0.06,3
1.91,632,0.81,1
0.02,702,1.0,1
6.23,595,0.38,2
5.07,534,0.49,2
0.49,874,0.95,1
7.19,526,0.28,2
5.71,438,0.43,2
3.99,706,0.6,1
6.43,768,0.36,2
1.4,509,0.86,1
9.99,260,0.0,3
9.66,256,0.03,3
6.23,791,0.38,2
4.0,500,0.6,1
6.26,631,0.37,2
9.61,416,0.04,3
3.46,383,0.65,1
6.65,561,0.34,2
7.99,454,0.2,2
6.19,453,0.38,2
4.75,139,0.53,1
9.98,252,0.0,3
7.01,593,0.3,2
6.07,637,0.39,2
5.48,588,0.45,2
6.71,484,0.33,2
5.08,541,0.49,2
9.13,265,0.09,3
6.7,718,0.33,2
6.83,595,0.32,2
1.31,551,0.87,1
6.54,515,0.35,2
2.48,471,0.75,1
5.07,633,0.49,2
8.35,317,0.17,3
3.13,630,0.69,1
6.56,758,0.34,2
0.11,137,0.99,1
7.67,638,0.23,2
8.86,387,0.11,3
9.14,245,0.09,3
0.99,448,0.9,1
6.67,635,0.33,2
6.85,432,0.32,2
0.86,106,0.91,1
1.42,540,0.86,1
8.03,362,0.2,3
7.4,773,0.26,2
0.77,139,0.92,1
6.69,665,0.33,2
7.8,798,0.22,2
5.86,751,0.41,2
1.16,838,0.88,1
1.1,72,0.89,1
9.0,368,0.1,3
3.79,128,0.62,1
6.23,483,0.38,2
9.29,433,0.07,3
7.35,706,0.27,2
7.9,557,0.21,2
3.36,737,0.66,1
5.62,601,0.44,2
6.28,658,0.37,2
5.7,562,0.43,2
0.99,770,0.9,1
8.74,387,0.13,3
9.69,245,0.03,3
8.75,284,0.12,3
2.43,365,0.76,1
1.58,132,0.84,1
8.6,414,0.14,3
9.53,236,0.05,3
7.84,673,0.22,2
6.5,658,0.35,2
5.36,524,0.46,2
9.72,234,0.03,3
8.66,365,0.13,3
9.62,436,0.04,3
7.58,452,0.24,2
7.23,671,0.28,2
4.37,401,0.56,1
3.59,102,0.64,1
8.77,242,0.12,3
9.1,247,0.09,3
6.53,641,0.35,2
7.49,731,0.25,2
5.32,735,0.47,2
7.09,545,0.29,2
9.45,228,0.05,3
7.66,418,0.23,2
9.36,357,0.06,3
1.24,865,0.88,1
3.88,535,0.61,1
0.05,626,0.99,1
8.74,289,0.13,3
6.56,576,0.34,2
9.01,326,0.1,3
4.91,449,0.51,1
3.32,657,0.67,1
6.27,714,0.37,2
4.1,689,0.59,1
6.37,502,0.36,2
9.03,280,0.1,3
7.99,574,0.2,2
8.69,213,0.13,3
2.09,431,0.79,1
4.58,806,0.54,1
5.5,448,0.45,2
3.62,857,0.64,1
5.36,604,0.46,2
6.12,648,0.39,2
5.33,414,0.47,2
8.47,213,0.15,3
0.19,535,0.98,1
8.68,311,0.13,3
6.53,744,0.35,2
8.02,394,0.2,3
7.97,593,0.2,2
9.51,262,0.05,3
7.98,743,0.2,2
3.53,507,0.65,1
2.02,440,0.8,1
8.67,406,0.13,3
1.54,444,0.85,1
0.34,412,0.97,1
5.87,566,0.41,2
7.63,762,0.24,2
5.99,442,0.4,2
8.12,274,0.19,3
1.6,398,0.84,1
8.24,358,0.18,3
0.35,845,0.96,1
4.11,626,0.59,1
4.78,448,0.52,1
8.34,413,0.17,3
2.56,761,0.74,1
9.82,404,0.02,3
8.4,271,0.16,3
1.89,535,0.81,1
5.48,676,0.45,2
1.55,602,0.84,1
9.48,361,0.05,3
2.74,352,0.73,1
6.24,415,0.38,2
4.78,872,0.52,1
5.13,471,0.49,2
7.84,456,0.22,2
8.22,445,0.18,3
7.33,537,0.27,2
5.58,458,0.44,2
9.84,421,0.02,3
7.42,427,0.26,2
5.94,654,0.41,2
5.45,638,0.46,2
8.76,233,0.12,3
1.19,479,0.88,1
6.8,678,0.32,2
7.47,481,0.25,2
7.4,472,0.26,2
4.42,90,0.56,1
5.08,676,0.49,2
5.17,643,0.48,2
1.93,348,0.81,1
1.49,353,0.85,1
8.01,320,0.2,3
1.54,143,0.85,1
4.83,423,0.52,1
6.64,753,0.34,2
6.6,478,0.34,2
4.58,496,0.54,1
7.28,535,0.27,2
9.48,349,0.05,3
8.1,264,0.19,3
5.68,697,0.43,2
8.85,285,0.12,3
8.89,322,0.11,3
7.73,627,0.23,2
9.62,285,0.04,3
7.55,545,0.25,2
9.88,355,0.01,3
7.42,738,0.26,2
5.15,560,0.48,2
6.35,699,0.36,2
6.9,474,0.31,2
6.64,481,0.34,2
3.74,589,0.63,1
4.84,729,0.52,1
8.85,318,0.11,3
9.05,376,0.09,3
2.23,374,0.78,1
0.0,63,1.0,1
8.48,365,0.15,3
9.1,238,0.09,3
6.8,692,0.32,2
9.95,343,0.0,3
6.95,427,0.31,2
8.24,281,0.18,3
9.19,298,0.08,3
7.56,536,0.24,2
8.18,394,0.18,3
8.36,307,0.16,3
3.53,108,0.65,1
5.59,484,0.44,2
1.61,635,0.84,1
9.33,308,0.07,3
9.44,432,0.06,3
5.78,421,0.42,2
5.36,521,0.46,2
6.69,640,0.33,2
1.9,670,0.81,1
9.46,430,0.05,3
9.18,248,0.08,3
6.87,640,0.31,2
6.59,533,0.34,2
5.59,722,0.44,2
0.42,561,0.96,1
6.31,510,0.37,2
6.04,773,0.4,2
9.0,281,0.1,3
5.11,589,0.49,2
7.76,404,0.22,2
7.22,594,0.28,2
4.86,610,0.51,1
5.71,593,0.43,2
5.22,442,0.48,2
8.48,248,0.15,3
7.31,424,0.27,2
5.36,414,0.46,2
4.17,370,0.58,1
2.19,806,0.78,1
2.11,323,0.79,1
6.73,628,0.33,2
5.95,442,0.41,2
5.3,706,0.47,2
9.94,416,0.01,3
7.1,514,0.29,2
6.37,592,0.36,2
8.56,279,0.14,3
8.11,321,0.19,3
9.22,336,0.08,3
1.72,811,0.83,1
6.54,439,0.35,2
4.82,526,0.52,1
5.24,673,0.48,2
9.15,231,0.08,3
7.3,562,0.27,2
9.3,424,0.07,3
5.39,523,0.46,2
4.54,756,0.55,1
5.9,473,0.41,2
8.95,256,0.11,3
5.12,530,0.49,2
5.44,793,0.46,2
0.65,422,0.93,1
8.85,341,0.11,3
0.17,567,0.98,1
9.77,221,0.02,3
7.74,555,0.23,2
8.27,433,0.17,3
9.88,369,0.01,3
7.81,510,0.22,2
7.1,706,0.29,2
8.41,399,0.16,3
5.19,554,0.48,2
1.52,889,0.85,1
7.15,790,0.28,2
7.41,573,0.26,2
8.36,436,0.16,3
1.63,753,0.84,1
6.82,577,0.32,2
5.68,423,0.43,2
2.37,400,0.76,1
6.2,422,0.38,2
7.65,460,0.23,2
6.99,567,0.3,2
6.23,601,0.38,2
3.46,696,0.65,1
1.84,887,0.82,1
6.51,763,0.35,2
6.75,719,0.33,2
8.91,318,0.11,3
7.9,678,0.21,2
4.31,588,0.57,1
2.75,550,0.73,1
8.41,406,0.16,3
5.16,788,0.48,2
5.87,587,0.41,2
8.61,248,0.14,3
1.49,768,0.85,1
5.68,466,0.43,2
7.82,537,0.22,2
8.97,244,0.1,3
8.92,377,0.11,3
8.1,224,0.19,3
5.85,473,0.42,2
0.11,764,0.99,1
2.34,663,0.77,1
5.08,713,0.49,2
3.81,835,0.62,1
6.61,590,0.34,2
7.66,757,0.23,2
6.85,770,0.32,2
9.02,313,0.1,3
4.79,385,0.52,1
5.85,511,0.42,2
8.0,421,0.2,2
5.25,461,0.48,2
6.53,503,0.35,2
5.26,521,0.47,2
9.89,283,0.01,3
7.73,402,0.23,2
9.9,222,0.01,3
4.8,622,0.52,1
1.29,569,0.87,1
7.2,798,0.28,2
2.69,619,0.73,1
5.51,790,0.45,2
9.0,350,0.1,3
2.72,716,0.73,1
7.97,644,0.2,2
7.32,468,0.27,2
6.04,572,0.4,2
8.97,398,0.1,3
6.03,723,0.4,2
1.12,602,0.89,1
0.05,118,1.0,1
6.34,786,0.37,2
7.59,455,0.24,2
7.6,633,0.24,2
6.12,436,0.39,2
6.18,746,0.38,2
4.83,874,0.52,1
1.74,837,0.83,1
8.89,280,0.11,3
7.06,509,0.29,2
5.15,419,0.48,2
6.06,526,0.39,2
5.96,476,0.4,2
7.92,564,0.21,2
6.73,793,0.33,2
3.41,729,0.66,1
5.27,670,0.47,2
2.98,743,0.7,1
4.21,62,0.58,1
8.92,254,0.11,3
4.77,343,0.52,1
1.74,672,0.83,1
5.38,515,0.46,2
1.07,546,0.89,1
5.65,546,0.43,2
7.93,781,0.21,2
8.48,217,0.15,3
5.8,602,0.42,2
9.72,411,0.03,3
7.06,525,0.29,2
3.51,305,0.65,1
5.99,677,0.4,2
8.61,402,0.14,3
2.23,736,0.78,1
7.96,490,0.2,2
6.83,766,0.32,2
3.76,111,0.62,1
2.37,500,0.76,1
7.67,627,0.23,2
6.56,420,0.34,2
2.46,486,0.75,1
2.52,493,0.75,1
2.32,379,0.77,1
9.74,376,0.03,3
3.88,784,0.61,1
8.23,360,0.18,3
9.15,361,0.08,3
6.59,413,0.34,2
5.24,574,0.48,2
2.73,380,0.73,1
7.39,465,0.26,2
0.73,826,0.93,1
6.4,442,0.36,2
7.6,731,0.24,2
5.23,444,0.48,2
1.29,381,0.87,1
1.93,865,0.81,1
7.5,684,0.25,2
3.68,465,0.63,1
6.02,799,0.4,2
1.4,858,0.86,1
3.48,735,0.65,1
9.95,443,0.01,3
4.11,687,0.59,1
5.39,660,0.46,2
9.82,309,0.02,3
1.81,134,0.82,1
6.38,422,0.36,2
6.41,771,0.36,2
5.93,610,0.41,2
4.86,92,0.51,1
6.07,673,0.39,2
7.15,507,0.29,2
5.38,662,0.46,2
2.99,821,0.7,1
8.9,314,0.11,3
3.35,792,0.66,1
2.11,803,0.79,1
8.49,337,0.15,3
0.51,846,0.95,1
9.52,212,0.05,3
8.88,285,0.11,3
5.27,702,0.47,2
5.56,475,0.44,2
0.29,112,0.97,1
8.03,212,0.2,3
7.46,530,0.25,2
6.79,509,0.32,2
3.68,675,0.63,1
7.23,670,0.28,2
1.76,375,0.82,1
3.38,815,0.66,1
9.26,246,0.07,3
4.06,647,0.59,1
7.34,681,0.27,2
8.11,386,0.19,3
8.57,360,0.14,3
7.87,413,0.21,2
5.5,684,0.45,2
1.18,596,0.88,1
8.42,236,0.16,3
9.0,427,0.1,3
3.23,439,0.68,1
3.42,656,0.66,1
8.62,311,0.14,3
7.95,516,0.2,2
1.77,110,0.82,1
4.58,459,0.54,1
8.21,364,0.18,3
8.34,442,0.17,3
7.84,670,0.22,2
5.56,521,0.44,2
0.72,362,0.93,1
7.39,456,0.26,2
3.22,77,0.68,1
0.83,854,0.92,1
8.71,363,0.13,3
7.03,673,0.3,2
5.8,415,0.42,2
7.67,627,0.23,2
9.98,240,0.0,3
7.02,791,0.3,2
9.37,260,0.06,3
8.21,395,0.18,3
8.77,357,0.12,3
6.31,524,0.37,2
9.87,435,0.01,3
4.37,742,0.56,1
0.34,460,0.97,1
9.27,380,0.07,3
3.6,316,0.64,1
6.88,458,0.31,2
8.47,363,0.15,3
6.79,442,0.32,2
4.55,461,0.55,1
10.0,252,0.0,3
3.31,879,0.67,1
9.01,398,0.1,3
4.89,146,0.51,1
1.5,69,0.85,1
4.08,526,0.59,1
1.71,148,0.83,1
6.25,466,0.38,2
9.64,270,0.04,3
0.28,372,0.97,1
7.79,598,0.22,2
8.89,377,0.11,3
5.52,544,0.45,2
5.21,544,0.48,2
7.99,589,0.2,2
8.86,399,0.11,3
7.66,564,0.23,2
6.89,566,0.31,2
0.47,61,0.95,1
8.47,252,0.15,3
5.96,602,0.4,2
4.8,810,0.52,1
8.81,390,0.12,3
0.04,311,1.0,1
6.37,607,0.36,2
2.11,730,0.79,1
7.2,493,0.28,2
9.18,252,0.08,3
3.14,134,0.69,1
5.77,746,0.42,2
6.34,595,0.37,2
3.13,515,0.69,1
8.96,321,0.1,3
7.75,720,0.22,2
7.16,634,0.28,2
5.58,585,0.44,2
4.57,90,0.54,1
9.07,357,0.09,3
5.39,550,0.46,2
3.11,568,0.69,1
8.44,241,0.16,3
7.78,684,0.22,2
6.55,433,0.34,2
9.33,271,0.07,3
5.33,786,0.47,2
3.24,447,0.68,1
7.33,669,0.27,2
7.68,431,0.23,2
5.74,795,0.43,2
7.2,673,0.28,2
1.19,468,0.88,1
5.7,407,0.43,2
9.93,285,0.01,3
5.02,672,0.5,2
8.29,239,0.17,3
9.23,211,0.08,3
5.93,547,0.41,2
9.62,300,0.04,3
8.81,392,0.12,3
7.69,763,0.23,2
4.68,795,0.53,1
8.4,401,0.16,3
8.58,438,0.14,3
0.75,622,0.93,1
6.94,406,0.31,2
8.09,235,0.19,3
2.83,143,0.72,1
7.47,405,0.25,2
6.38,599,0.36,2
3.42,105,0.66,1
8.97,237,0.1,3
5.52,748,0.45,2
5.47,784,0.45,2
5.22,650,0.48,2
4.02,790,0.6,1
9.0,313,0.1,3
8.26,336,0.17,3
5.27,567,0.47,2
9.71,224,0.03,3
1.31,138,0.87,1
3.6,360,0.64,1
6.07,715,0.39,2
3.2,441,0.68,1
7.62,450,0.24,2
9.19,231,0.08,3
5.48,680,0.45,2
8.21,326,0.18,3
9.87,328,0.01,3
9.07,298,0.09,3
8.99,317,0.1,3
7.54,732,0.25,2
6.0,596,0.4,2
5.72,717,0.43,2
6.0,442,0.4,2
4.75,483,0.53,1
2.3,484,0.77,1
1.62,626,0.84,1
6.07,578,0.39,2
8.75,264,0.12,3
2.29,128,0.77,1
3.55,312,0.65,1
7.33,535,0.27,2
5.61,696,0.44,2
4.26,418,0.57,1
8.71,380,0.13,3
7.72,450,0.23,2
2.47,349,0.75,1
4.72,885,0.53,1
7.77,617,0.22,2
3.51,119,0.65,1
8.53,368,0.15,3
0.57,302,0.94,1
9.6,396,0.04,3
5.9,460,0.41,2
1.88,753,0.81,1
5.23,407,0.48,2
2.05,859,0.79,1
7.41,586,0.26,2
5.33,750,0.47,2
8.34,328,0.17,3
6.88,778,0.31,2
6.62,420,0.34,2
0.94,62,0.91,1
7.17,454,0.28,2
8.31,275,0.17,3
1.86,452,0.81,1
6.22,794,0.38,2
0.71,331,0.93,1
5.16,734,0.48,2
6.58,624,0.34,2
0.99,491,0.9,1
5.63,446,0.44,2
8.04,400,0.2,3
8.59,233,0.14,3
3.49,685,0.65,1
9.87,372,0.01,3
1.22,805,0.88,1
0.36,721,0.96,1
7.76,660,0.22,2
4.74,455,0.53,1
6.21,420,0.38,2
5.37,560,0.46,2
7.32,721,0.27,2
1.83,524,0.82,1
3.99,724,0.6,1
1.83,363,0.82,1
5.36,794,0.46,2
8.78,344,0.12,3
9.11,243,0.09,3
7.53,657,0.25,2
7.6,757,0.24,2
8.19,336,0.18,3
7.27,642,0.27,2
3.99,732,0.6,1
2.32,404,0.77,1
5.05,560,0.49,2
6.86,665,0.31,2
8.43,230,0.16,3
8.31,443,0.17,3
9.0,445,0.1,3
1.52,682,0.85,1
7.79,426,0.22,2
6.77,661,0.32,2
1.82,806,0.82,1
4.13,637,0.59,1
9.43,251,0.06,3
7.6,572,0.24,2
8.9,235,0.11,3
7.86,527,0.21,2
9.76,287,0.02,3
3.62,486,0.64,1
8.89,321,0.11,3
8.76,310,0.12,3
6.1,610,0.39,2
8.72,331,0.13,3
5.81,511,0.42,2
9.45,344,0.06,3
5.09,647,0.49,2
6.64,543,0.34,2
0.97,870,0.9,1
6.4,421,0.36,2
3.59,622,0.64,1
5.73,697,0.43,2
0.95,576,0.91,1
1.24,687,0.88,1
7.47,567,0.25,2
1.37,888,0.86,1
7.13,402,0.29,2
5.11,627,0.49,2
9.94,335,0.01,3
7.84,669,0.22,2
2.33,444,0.77,1
6.37,632,0.36,2
5.49,601,0.45,2
9.33,284,0.07,3
9.82,252,0.02,3
3.71,796,0.63,1
9.78,350,0.02,3
5.08,498,0.49,2
6.89,622,0.31,2
5.84,625,0.42,2
2.07,750,0.79,1
7.97,511,0.2,2
5.99,576,0.4,2
9.37,420,0.06,3
4.37,335,0.56,1
8.66,278,0.13,3
7.82,419,0.22,2
7.57,558,0.24,2
2.12,531,0.79,1
9.52,326,0.05,3
8.93,214,0.11,3
2.18,394,0.78,1
9.53,267,0.05,3
7.16,776,0.28,2
9.03,393,0.1,3
6.66,445,0.33,2
2.65,461,0.74,1
3.61,319,0.64,1
6.62,787,0.34,2
5.19,620,0.48,2
9.99,307,0.0,3
7.72,476,0.23,2
6.22,416,0.38,2
5.8,674,0.42,2
8.54,402,0.15,3
2.69,342,0.73,1
9.53,364,0.05,3
9.3,442,0.07,3
7.77,606,0.22,2
2.64,71,0.74,1
6.45,649,0.36,2
0.97,594,0.9,1
8.77,306,0.12,3
6.81,519,0.32,2
5.65,786,0.43,2
1.86,315,0.81,1
3.9,420,0.61,1
2.37,305,0.76,1
4.04,762,0.6,1
9.71,370,0.03,3
3.91,807,0.61,1
9.02,258,0.1,3
9.45,445,0.05,3
1.13,427,0.89,1
8.37,216,0.16,3
8.05,408,0.2,3
7.52,621,0.25,2
9.85,202,0.01,3
1.25,701,0.87,1
8.92,351,0.11,3
4.02,880,0.6,1
2.47,67,0.75,1
6.51,457,0.35,2
6.0,608,0.4,2
5.03,704,0.5,2
6.1,421,0.39,2
9.91,260,0.01,3
5.55,630,0.44,2
1.78,718,0.82,1
6.16,568,0.38,2
5.02,431,0.5,2
8.16,376,0.18,3
8.54,292,0.15,3
7.65,776,0.24,2
5.26,667,0.47,2
6.41,419,0.36,2
3.95,572,0.6,1
6.15,741,0.38,2
5.82,447,0.42,2
4.6,648,0.54,1
6.79,546,0.32,2
9.05,229,0.1,3
2.68,144,0.73,1
7.61,705,0.24,2
0.18,361,0.98,1
5.6,548,0.44,2
7.18,445,0.28,2
6.46,616,0.35,2
8.34,401,0.17,3
6.67,679,0.33,2
5.42,666,0.46,2
6.92,535,0.31,2
9.17,221,0.08,3
7.27,717,0.27,2
7.68,507,0.23,2
7.7,758,0.23,2
7.58,435,0.24,2
8.64,244,0.14,3
2.09,82,0.79,1
5.4,518,0.46,2
6.33,538,0.37,2
7.68,702,0.23,2
7.23,460,0.28,2
1.73,784,0.83,1
0.32,379,0.97,1
9.27,263,0.07,3
6.58,662,0.34,2
4.32,485,0.57,1
5.05,549,0.5,2
6.63,429,0.34,2
8.44,369,0.16,3
9.12,385,0.09,3
6.07,723,0.39,2
2.86,747,0.71,1
5.91,583,0.41,2
9.86,336,0.01,3
7.71,439,0.23,2
3.54,794,0.65,1
8.83,222,0.12,3
5.69,516,0.43,2
8.15,406,0.18,3
6.79,435,0.32,2
5.27,784,0.47,2
8.92,255,0.11,3
8.69,240,0.13,3
7.83,401,0.22,2
4.69,75,0.53,1
2.85,817,0.71,1
7.98,671,0.2,2
4.96,96,0.5,1
2.79,482,0.72,1
0.01,569,1.0,1
9.14,449,0.09,3
1.4,395,0.86,1
1.43,775,0.86,1
9.95,258,0.0,3
8.66,228,0.13,3
9.27,241,0.07,3
5.86,694,0.41,2
7.97,421,0.2,2
6.45,601,0.36,2
7.19,749,0.28,2
9.61,412,0.04,3
7.48,521,0.25,2
5.95,586,0.4,2
4.81,487,0.52,1
2.63,334,0.74,1
1.1,578,0.89,1
7.4,695,0.26,2
6.0,526,0.4,2
8.1,203,0.19,3
8.95,232,0.1,3
4.66,137,0.53,1
6.45,608,0.36,2
9.93,253,0.01,3
8.39,253,0.16,3
6.22,772,0.38,2
2.56,851,0.74,1
8.31,291,0.17,3
5.48,787,0.45,2
8.33,230,0.17,3
4.55,416,0.55,1
6.35,639,0.37,2
1.13,858,0.89,1
9.56,204,0.04,3
6.88,510,0.31,2
9.27,217,0.07,3
9.92,219,0.01,3
5.91,557,0.41,2
2.89,874,0.71,1
5.25,648,0.48,2
7.57,573,0.24,2
0.96,761,0.9,1
3.84,423,0.62,1
6.4,777,0.36,2
8.41,289,0.16,3
2.55,576,0.75,1
9.86,295,0.01,3
7.69,722,0.23,2
1.6,553,0.84,1
1.0,63,0.9,1
5.79,420,0.42,2
4.01,136,0.6,1
6.25,791,0.38,2
1.08,475,0.89,1
1.9,846,0.81,1
6.24,773,0.38,2
1.05,639,0.89,1
5.12,561,0.49,2
7.09,655,0.29,2
5.28,570,0.47,2
4.74,585,0.53,1
7.3,599,0.27,2
7.44,746,0.26,2
5.14,626,0.49,2
8.27,257,0.17,3
8.04,388,0.2,3
6.34,402,0.37,2
8.72,335,0.13,3
7.11,782,0.29,2
6.2,781,0.38,2
5.89,450,0.41,2
8.72,365,0.13,3
5.6,640,0.44,2
2.07,109,0.79,1
7.25,731,0.28,2
8.08,248,0.19,3
7.8,733,0.22,2
8.61,307,0.14,3
5.47,412,0.45,2
8.48,259,0.15,3
4.64,647,0.54,1
7.73,538,0.23,2
5.12,474,0.49,2
9.53,287,0.05,3
6.6,400,0.34,2
1.04,450,0.9,1
8.56,247,0.14,3
7.6,496,0.24,2
1.78,748,0.82,1
7.45,783,0.25,2
9.21,323,0.08,3
4.92,530,0.51,1
3.33,470,0.67,1
6.76,578,0.32,2
8.53,312,0.15,3
6.99,713,0.3,2
6.94,460,0.31,2
8.77,382,0.12,3
1.03,592,0.9,1
9.05,432,0.09,3
6.47,447,0.35,2
8.49,424,0.15,3
9.89,330,0.01,3
7.34,452,0.27,2
5.1,599,0.49,2
0.91,519,0.91,1
6.87,429,0.31,2
5.55,629,0.45,2
6.67,695,0.33,2
7.3,573,0.27,2
6.94,407,0.31,2
6.86,523,0.31,2
0.45,853,0.95,1
5.38,542,0.46,2
7.51,417,0.25,2
4.45,305,0.56,1
4.8,668,0.52,1
0.33,316,0.97,1
4.41,549,0.56,1
7.75,563,0.22,2
2.59,844,0.74,1
8.13,373,0.19,3
7.72,448,0.23,2
7.64,564,0.24,2
5.21,511,0.48,2
7.84,513,0.22,2
7.01,464,0.3,2
7.22,746,0.28,2
7.01,450,0.3,2
8.27,393,0.17,3
4.67,731,0.53,1
8.44,310,0.16,3
7.31,441,0.27,2
9.78,267,0.02,3
9.04,315,0.1,3
6.74,691,0.33,2
6.89,679,0.31,2
5.16,743,0.48,2
5.79,496,0.42,2
7.66,551,0.23,2
5.29,590,0.47,2
9.54,252,0.05,3
5.7,563,0.43,2
9.54,257,0.05,3
9.19,294,0.08,3
6.82,623,0.32,2
6.51,470,0.35,2
9.08,232,0.09,3
9.86,436,0.01,3
5.41,607,0.46,2
4.67,410,0.53,1
2.03,94,0.8,1
8.91,242,0.11,3
2.55,388,0.75,1
6.7,685,0.33,2
9.82,436,0.02,3
0.66,481,0.93,1
9.94,414,0.01,3
4.74,554,0.53,1
2.21,64,0.78,1
6.02,589,0.4,2
7.61,664,0.24,2
7.46,762,0.25,2
2.66,470,0.73,1
3.34,817,0.67,1
4.06,812,0.59,1
8.53,425,0.15,3
6.66,420,0.33,2
3.6,100,0.64,1
0.95,120,0.9,1
4.03,347,0.6,1
1.93,590,0.81,1
5.96,785,0.4,2
5.07,572,0.49,2
8.6,223,0.14,3
9.21,342,0.08,3
0.7,673,0.93,1
2.52,626,0.75,1
4.74,805,0.53,1
5.23,442,0.48,2
5.48,791,0.45,2
2.44,518,0.76,1
5.39,572,0.46,2
4.44,324,0.56,1
9.67,274,0.03,3
8.06,441,0.19,3
5.91,545,0.41,2
4.95,323,0.51,1
6.33,779,0.37,2
2.66,589,0.73,1
5.2,477,0.48,2
3.69,77,0.63,1
5.65,744,0.44,2
9.04,288,0.1,3
0.25,461,0.98,1
6.6,777,0.34,2
7.08,595,0.29,2
5.8,581,0.42,2
7.12,776,0.29,2
5.13,598,0.49,2
5.51,704,0.45,2
9.89,249,0.01,3
9.41,313,0.06,3
7.55,592,0.25,2
6.48,631,0.35,2
4.5,704,0.55,1
5.3,641,0.47,2
0.39,616,0.96,1
6.77,435,0.32,2
5.52,794,0.45,2
7.06,530,0.29,2
4.88,471,0.51,1
6.95,409,0.31,2
9.07,269,0.09,3
0.81,837,0.92,1
5.75,426,0.43,2
6.72,561,0.33,2
5.65,667,0.43,2
8.35,349,0.16,3
6.34,501,0.37,2
8.97,335,0.1,3
5.55,434,0.45,2
5.59,676,0.44,2
6.25,587,0.38,2
5.3,523,0.47,2
7.0,514,0.3,2
5.58,484,0.44,2
4.48,426,0.55,1
1.4,376,0.86,1
5.23,453,0.48,2
6.02,683,0.4,2
5.77,660,0.42,2
2.68,562,0.73,1
3.02,138,0.7,1
9.22,301,0.08,3
1.29,103,0.87,1
7.74,547,0.23,2
6.15,734,0.38,2
6.84,533,0.32,2
8.08,417,0.19,3
6.19,598,0.38,2
5.04,748,0.5,2
6.03,455,0.4,2
6.49,561,0.35,2
6.26,784,0.37,2
7.42,443,0.26,2
6.01,627,0.4,2
8.16,218,0.18,3
8.43,367,0.16,3
7.5,450,0.25,2
2.78,867,0.72,1
5.98,642,0.4,2
9.67,448,0.03,3
0.56,114,0.94,1
8.57,259,0.14,3
8.11,292,0.19,3
6.68,691,0.33,2
6.84,634,0.32,2
6.92,503,0.31,2
0.6,80,0.94,1
7.52,680,0.25,2
8.7,301,0.13,3
5.58,424,0.44,2
7.97,466,0.2,2
3.9,451,0.61,1
9.41,436,0.06,3
6.99,585,0.3,2
6.35,475,0.37,2
6.59,724,0.34,2
6.99,445,0.3,2
6.5,757,0.35,2
8.11,405,0.19,3
1.84,625,0.82,1
3.73,305,0.63,1
2.9,728,0.71,1
9.41,367,0.06,3
5.0,448,0.5,2
7.03,566,0.3,2
6.57,429,0.34,2
4.2,734,0.58,1
8.24,447,0.18,3
0.06,898,0.99,1
3.34,75,0.67,1
7.71,528,0.23,2
5.56,649,0.44,2
5.63,525,0.44,2
4.51,538,0.55,1
2.24,492,0.78,1
7.91,575,0.21,2
9.13,239,0.09,3
6.54,660,0.35,2
8.88,425,0.11,3
8.98,350,0.1,3
7.95,666,0.2,2
1.63,673,0.84,1
0.12,570,0.99,1
6.31,505,0.37,2
3.45,608,0.66,1
1.6,655,0.84,1
0.74,343,0.93,1
9.5,388,0.05,3
7.01,590,0.3,2
5.12,648,0.49,2
9.0,289,0.1,3
3.21,715,0.68,1
8.68,392,0.13,3
7.65,611,0.24,2
6.73,699,0.33,2
8.15,213,0.19,3
9.06,353,0.09,3
5.28,707,0.47,2
5.94,522,0.41,2
8.14,420,0.19,3
2.96,144,0.7,1
6.24,675,0.38,2
5.83,798,0.42,2
9.29,288,0.07,3
0.16,632,0.98,1
9.07,410,0.09,3
1.83,442,0.82,1
5.22,781,0.48,2
4.61,555,0.54,1
9.11,432,0.09,3
3.74,141,0.63,1
0.48,98,0.95,1
9.08,331,0.09,3
0.0,786,1.0,1
3.17,848,0.68,1
3.33,347,0.67,1
5.49,694,0.45,2
6.39,639,0.36,2
3.71,481,0.63,1
5.47,675,0.45,2
2.13,82,0.79,1
5.79,752,0.42,2
8.39,353,0.16,3
1.96,727,0.8,1
6.87,513,0.31,2
5.31,687,0.47,2
7.13,499,0.29,2
6.0,410,0.4,2
7.41,758,0.26,2
6.37,412,0.36,2
8.03,436,0.2,3
6.03,769,0.4,2
2.91,629,0.71,1
2.14,118,0.79,1
5.0,774,0.5,2
1.17,458,0.88,1
0.62,891,0.94,1
5.35,442,0.47,2
7.56,502,0.24,2
1.12,333,0.89,1
2.16,437,0.78,1
5.76,776,0.42,2
9.13,288,0.09,3
6.24,691,0.38,2
7.57,777,0.24,2
6.68,438,0.33,2
2.07,423,0.79,1
8.32,313,0.17,3
7.08,553,0.29,2
9.14,309,0.09,3
2.32,792,0.77,1
7.5,597,0.25,2
0.07,481,0.99,1
7.37,518,0.26,2
6.26,564,0.37,2
0.68,418,0.93,1
0.99,305,0.9,1
5.95,789,0.41,2
1.73,514,0.83,1
4.2,62,0.58,1
9.78,333,0.02,3
6.96,554,0.3,2
5.13,421,0.49,2
6.65,755,0.34,2
4.11,426,0.59,1
5.95,560,0.41,2
2.52,780,0.75,1
6.47,739,0.35,2
6.47,503,0.35,2
9.15,255,0.08,3
4.02,326,0.6,1
8.26,399,0.17,3
6.48,752,0.35,2
6.61,419,0.34,2
1.22,121,0.88,1
0.57,546,0.94,1
7.14,471,0.29,2
4.7,456,0.53,1
9.73,393,0.03,3
4.11,761,0.59,1
6.01,505,0.4,2
2.55,651,0.75,1
6.43,545,0.36,2
7.7,465,0.23,2
5.42,649,0.46,2
7.8,511,0.22,2
8.13,350,0.19,3
4.47,617,0.55,1
7.49,460,0.25,2
4.39,488,0.56,1
2.34,113,0.77,1
1.37,62,0.86,1
7.69,793,0.23,2
5.48,762,0.45,2
5.46,768,0.45,2
9.46,377,0.05,3
1.06,712,0.89,1
2.19,769,0.78,1
8.91,398,0.11,3
9.31,257,0.07,3
1.57,70,0.84,1
1.05,573,0.9,1
8.21,380,0.18,3
5.29,769,0.47,2
6.09,702,0.39,2
3.47,323,0.65,1
8.9,359,0.11,3
3.39,763,0.66,1
6.85,582,0.31,2
9.0,410,0.1,3
8.82,257,0.12,3
7.48,491,0.25,2
7.42,541,0.26,2
5.74,443,0.43,2
8.2,267,0.18,3
8.69,443,0.13,3
8.54,210,0.15,3
6.35,440,0.36,2
5.09,748,0.49,2
0.64,405,0.94,1
9.39,400,0.06,3
6.01,493,0.4,2
6.66,652,0.33,2
4.74,75,0.53,1
8.03,320,0.2,3
6.35,628,0.37,2
6.24,693,0.38,2
7.5,499,0.25,2
6.76,547,0.32,2
5.94,456,0.41,2
0.53,121,0.95,1
7.85,691,0.21,2
4.42,817,0.56,1
6.76,790,0.32,2
7.72,433,0.23,2
2.2,650,0.78,1
9.98,297,0.0,3
4.01,662,0.6,1
2.47,126,0.75,1
9.0,276,0.1,3
9.33,302,0.07,3
3.66,445,0.63,1
2.65,86,0.74,1
5.35,661,0.46,2
0.0,71,1.0,1
9.73,258,0.03,3
9.22,442,0.08,3
7.04,425,0.3,2
7.89,615,0.21,2
0.6,722,0.94,1
6.12,780,0.39,2
1.52,852,0.85,1
5.76,613,0.42,2
8.21,435,0.18,3
8.36,378,0.16,3
6.21,713,0.38,2
8.25,305,0.17,3
6.13,545,0.39,2
3.43,561,0.66,1
4.08,132,0.59,1
5.9,655,0.41,2
1.18,738,0.88,1
0.47,60,0.95,1
0.34,897,0.97,1
0.75,444,0.93,1
9.04,291,0.1,3
8.79,283,0.12,3
1.89,490,0.81,1
5.87,630,0.41,2
0.96,96,0.9,1
8.75,366,0.12,3
0.64,335,0.94,1
5.47,469,0.45,2
8.03,339,0.2,3
6.52,625,0.35,2
5.89,693,0.41,2
8.39,224,0.16,3
8.7,337,0.13,3
5.38,635,0.46,2
5.61,580,0.44,2
9.18,224,0.08,3
7.11,717,0.29,2
5.46,684,0.45,2
5.07,564,0.49,2
7.01,486,0.3,2
7.74,719,0.23,2
9.96,202,0.0,3
6.24,743,0.38,2
4.91,668,0.51,1
8.17,245,0.18,3
8.04,404,0.2,3
3.29,519,0.67,1
7.09,536,0.29,2
0.35,653,0.97,1
7.23,603,0.28,2
6.19,410,0.38,2
7.93,749,0.21,2
6.76,738,0.32,2
5.05,429,0.49,2
7.91,677,0.21,2
0.95,762,0.91,1
9.24,361,0.08,3
4.14,772,0.59,1
3.54,428,0.65,1
1.01,407,0.9,1
6.26,603,0.37,2
5.81,411,0.42,2
6.19,519,0.38,2
9.49,414,0.05,3
5.39,678,0.46,2
2.21,339,0.78,1
8.25,425,0.17,3
8.93,386,0.11,3
7.41,572,0.26,2
8.92,435,0.11,3
6.39,714,0.36,2
9.11,244,0.09,3
7.9,701,0.21,2
8.07,316,0.19,3
7.49,419,0.25,2
9.1,249,0.09,3
5.85,612,0.42,2
0.79,787,0.92,1
1.17,572,0.88,1
7.29,578,0.27,2
9.24,228,0.08,3
2.19,538,0.78,1
6.74,555,0.33,2
1.13,645,0.89,1
6.54,468,0.35,2
7.56,503,0.24,2
7.93,533,0.21,2
5.27,642,0.47,2
4.8,729,0.52,1
9.41,347,0.06,3
7.58,782,0.24,2
7.79,633,0.22,2
6.36,483,0.36,2
1.21,605,0.88,1
6.35,792,0.37,2
6.36,453,0.36,2
3.88,642,0.61,1
8.3,342,0.17,3
1.14,61,0.89,1
1.55,370,0.85,1
8.62,232,0.14,3
2.94,338,0.71,1
9.92,261,0.01,3
5.07,656,0.49,2
5.81,482,0.42,2
6.25,471,0.38,2
6.7,743,0.33,2
3.93,120,0.61,1
3.47,99,0.65,1
8.28,360,0.17,3
7.87,531,0.21,2
9.8,267,0.02,3
9.99,263,0.0,3
6.56,517,0.34,2
1.1,469,0.89,1
5.51,749,0.45,2
5.26,660,0.47,2
7.87,401,0.21,2
4.64,859,0.54,1
7.3,436,0.27,2
5.69,472,0.43,2
8.27,317,0.17,3
8.37,444,0.16,3
9.11,242,0.09,3
6.27,523,0.37,2
4.86,392,0.51,1
5.0,638,0.5,2
8.58,246,0.14,3
7.14,675,0.29,2
5.76,782,0.42,2
8.91,411,0.11,3
6.27,462,0.37,2
6.61,409,0.34,2
7.34,672,0.27,2
7.73,407,0.23,2
7.36,616,0.26,2
5.41,755,0.46,2
7.63,634,0.24,2
7.41,663,0.26,2
6.54,721,0.35,2
6.16,438,0.38,2
8.18,362,0.18,3
6.22,671,0.38,2
2.97,763,0.7,1
8.34,424,0.17,3
7.65,594,0.24,2
7.76,759,0.22,2
5.82,557,0.42,2
5.86,507,0.41,2
8.14,369,0.19,3
1.72,65,0.83,1
3.84,139,0.62,1
2.32,582,0.77,1
9.53,328,0.05,3
7.54,403,0.25,2
7.72,696,0.23,2
6.59,539,0.34,2
6.97,567,0.3,2
7.58,461,0.24,2
6.22,674,0.38,2
3.2,826,0.68,1
7.73,797,0.23,2
1.17,870,0.88,1
8.2,203,0.18,3
4.98,407,0.5,1
7.55,408,0.25,2
5.83,744,0.42,2
3.43,704,0.66,1
0.17,545,0.98,1
4.04,780,0.6,1
6.82,641,0.32,2
8.85,268,0.11,3
2.68,569,0.73,1
5.27,687,0.47,2
0.98,97,0.9,1
2.92,522,0.71,1
6.61,481,0.34,2
4.4,560,0.56,1
5.11,599,0.49,2
6.68,682,0.33,2
1.26,786,0.87,1
8.27,324,0.17,3
0.3,89,0.97,1
3.55,108,0.65,1
0.05,132,1.0,1
3.03,502,0.7,1
5.95,434,0.41,2
0.94,556,0.91,1
5.79,404,0.42,2
6.82,785,0.32,2
6.41,629,0.36,2
9.66,280,0.03,3
1.31,602,0.87,1
6.51,427,0.35,2
7.42,515,0.26,2
6.28,755,0.37,2
9.05,372,0.09,3
8.99,278,0.1,3
8.44,297,0.16,3
9.45,300,0.06,3
1.78,470,0.82,1
3.72,82,0.63,1
6.16,792,0.38,2
5.24,435,0.48,2
6.8,567,0.32,2
5.16,606,0.48,2
5.45,441,0.46,2
0.51,665,0.95,1
1.26,404,0.87,1
9.71,257,0.03,3
5.63,596,0.44,2
3.36,613,0.66,1
8.33,401,0.17,3
8.25,299,0.17,3
1.27,83,0.87,1
6.23,779,0.38,2
4.87,80,0.51,1
8.68,235,0.13,3
8.62,364,0.14,3
6.42,598,0.36,2
5.26,667,0.47,2
8.12,235,0.19,3
6.31,561,0.37,2
2.53,375,0.75,1
7.29,503,0.27,2
7.98,674,0.2,2
8.83,391,0.12,3
0.61,421,0.94,1
7.54,538,0.25,2
7.13,634,0.29,2
6.73,536,0.33,2
4.96,376,0.5,1
4.39,481,0.56,1
5.99,556,0.4,2
1.72,96,0.83,1
6.53,777,0.35,2
2.52,650,0.75,1
8.1,343,0.19,3
8.48,419,0.15,3
3.66,859,0.63,1
6.32,417,0.37,2
8.94,207,0.11,3
6.45,449,0.36,2
0.32,111,0.97,1
6.52,726,0.35,2
9.23,203,0.08,3
6.25,626,0.37,2
6.05,766,0.39,2
3.36,302,0.66,1
8.23,223,0.18,3
6.12,485,0.39,2
6.33,413,0.37,2
7.43,675,0.26,2
7.09,524,0.29,2
1.36,799,0.86,1
8.99,202,0.1,3
1.61,647,0.84,1
4.72,519,0.53,1
9.56,388,0.04,3
6.88,655,0.31,2
6.66,794,0.33,2
7.33,748,0.27,2
0.42,589,0.96,1
7.49,577,0.25,2
6.58,415,0.34,2
7.48,463,0.25,2
6.78,465,0.32,2
4.9,536,0.51,1
0.86,700,0.91,1
6.93,435,0.31,2
8.78,278,0.12,3
6.17,745,0.38,2
8.61,415,0.14,3
9.86,261,0.01,3
5.82,729,0.42,2
2.82,503,0.72,1
6.93,740,0.31,2
7.56,505,0.24,2
6.35,404,0.36,2
6.98,636,0.3,2
6.71,426,0.33,2
2.98,464,0.7,1
2.15,632,0.79,1
7.16,657,0.28,2
7.26,659,0.27,2
6.66,404,0.33,2
6.13,777,0.39,2
9.18,263,0.08,3
1.7,102,0.83,1
2.57,399,0.74,1
8.22,432,0.18,3
9.05,381,0.09,3
6.89,536,0.31,2
6.73,599,0.33,2
5.86,546,0.41,2
0.26,452,0.97,1
0.52,133,0.95,1
3.29,463,0.67,1
8.97,276,0.1,3
6.15,625,0.39,2
4.98,555,0.5,1
7.13,545,0.29,2
8.91,379,0.11,3
4.23,741,0.58,1
0.73,489,0.93,1
8.51,314,0.15,3
1.99,642,0.8,1
9.03,404,0.1,3
5.12,526,0.49,2
7.85,743,0.21,2
1.1,78,0.89,1
9.71,393,0.03,3
6.51,585,0.35,2
2.53,62,0.75,1
4.43,751,0.56,1
6.55,547,0.34,2
7.35,705,0.26,2
5.61,535,0.44,2
5.99,701,0.4,2
5.41,559,0.46,2
8.45,353,0.15,3
5.21,595,0.48,2
6.54,748,0.35,2
0.43,861,0.96,1
6.73,716,0.33,2
7.15,454,0.29,2
0.72,786,0.93,1
3.59,865,0.64,1
6.62,584,0.34,2
6.43,641,0.36,2
9.88,415,0.01,3
8.94,364,0.11,3
8.79,440,0.12,3
6.8,683,0.32,2
8.49,386,0.15,3
5.81,710,0.42,2
6.98,529,0.3,2
6.85,561,0.31,2
4.81,606,0.52,1
6.23,542,0.38,2
6.23,617,0.38,2
6.49,453,0.35,2
5.51,450,0.45,2
9.21,364,0.08,3
7.73,655,0.23,2
8.74,440,0.13,3
9.71,243,0.03,3
1.43,462,0.86,1
8.06,219,0.19,3
1.0,439,0.9,1
9.13,201,0.09,3
6.22,445,0.38,2
7.11,688,0.29,2
5.0,781,0.5,2
9.81,203,0.02,3
9.62,409,0.04,3
3.69,875,0.63,1
6.71,778,0.33,2
6.8,590,0.32,2
8.15,325,0.18,3
7.38,633,0.26,2
9.88,216,0.01,3
5.07,531,0.49,2
7.73,738,0.23,2
0.47,113,0.95,1
5.8,759,0.42,2
8.81,422,0.12,3
7.21,590,0.28,2
4.64,572,0.54,1
6.1,407,0.39,2
2.48,713,0.75,1
7.09,679,0.29,2
6.48,765,0.35,2
6.35,479,0.36,2
5.13,653,0.49,2
1.52,762,0.85,1
5.73,467,0.43,2
8.26,313,0.17,3
7.06,653,0.29,2
8.09,274,0.19,3
0.73,473,0.93,1
6.57,665,0.34,2
7.16,534,0.28,2
2.71,314,0.73,1
2.09,865,0.79,1
5.26,738,0.47,2
6.83,728,0.32,2
5.66,604,0.43,2
6.61,626,0.34,2
9.8,418,0.02,3
9.89,224,0.01,3
2.48,136,0.75,1
7.24,455,0.28,2
3.66,398,0.63,1
5.79,539,0.42,2
6.1,622,0.39,2
4.03,93,0.6,1
7.18,483,0.28,2
9.23,307,0.08,3
4.71,753,0.53,1
1.69,785,0.83,1
7.3,576,0.27,2
6.16,484,0.38,2
7.93,524,0.21,2
7.02,616,0.3,2
9.52,214,0.05,3
9.5,415,0.05,3
7.57,444,0.24,2
7.63,480,0.24,2
3.94,801,0.61,1
4.27,712,0.57,1
7.49,567,0.25,2
1.42,603,0.86,1
7.42,716,0.26,2
7.34,476,0.27,2
4.37,345,0.56,1
3.48,545,0.65,1
8.6,202,0.14,3
6.73,550,0.33,2
7.63,764,0.24,2
2.31,629,0.77,1
10.0,258,0.0,3
6.13,403,0.39,2
2.3,103,0.77,1
3.43,476,0.66,1
5.9,466,0.41,2
5.7,613,0.43,2
2.54,394,0.75,1
7.26,444,0.27,2
5.21,639,0.48,2
2.64,610,0.74,1
9.1,345,0.09,3
7.85,710,0.22,2
4.22,559,0.58,1
9.65,247,0.04,3
5.87,518,0.41,2
3.63,437,0.64,1
3.58,402,0.64,1
1.19,527,0.88,1
5.13,788,0.49,2
5.97,527,0.4,2
6.88,458,0.31,2
4.3,453,0.57,1
7.61,665,0.24,2
7.05,407,0.29,2
6.46,725,0.35,2
9.85,427,0.01,3
6.08,586,0.39,2
7.65,482,0.23,2
9.63,444,0.04,3
8.56,226,0.14,3
1.46,668,0.85,1
9.8,355,0.02,3
0.93,68,0.91,1
6.5,417,0.35,2
5.54,658,0.45,2
6.49,571,0.35,2
8.43,329,0.16,3
6.67,771,0.33,2
6.39,435,0.36,2
5.86,464,0.41,2
6.6,430,0.34,2
6.87,475,0.31,2
7.16,611,0.28,2
5.97,644,0.4,2
9.34,218,0.07,3
7.67,437,0.23,2
9.9,219,0.01,3
8.73,411,0.13,3
6.32,653,0.37,2
8.07,348,0.19,3
1.73,508,0.83,1
6.0,442,0.4,2
0.17,102,0.98,1
8.23,436,0.18,3
6.91,658,0.31,2
8.21,326,0.18,3
6.76,733,0.32,2
3.45,620,0.65,1
6.02,648,0.4,2
8.99,406,0.1,3
5.31,424,0.47,2
1.9,502,0.81,1
7.23,420,0.28,2
1.37,628,0.86,1
0.67,866,0.93,1
8.36,301,0.16,3
7.37,604,0.26,2
3.69,538,0.63,1
1.88,598,0.81,1
5.73,559,0.43,2
3.86,402,0.61,1
3.27,764,0.67,1
8.99,251,0.1,3
7.1,498,0.29,2
8.21,445,0.18,3
9.38,434,0.06,3
5.57,576,0.44,2
1.95,744,0.81,1
5.99,638,0.4,2
8.1,296,0.19,3
3.48,363,0.65,1
5.86,479,0.41,2
8.04,309,0.2,3
2.42,600,0.76,1
5.4,550,0.46,2
7.35,612,0.27,2
5.6,514,0.44,2
1.25,80,0.88,1
6.69,777,0.33,2
3.21,790,0.68,1
5.77,505,0.42,2
1.53,127,0.85,1
1.1,123,0.89,1
8.91,374,0.11,3
5.48,559,0.45,2
7.84,427,0.22,2
5.99,603,0.4,2
1.57,791,0.84,1
6.35,514,0.36,2
1.92,135,0.81,1
8.88,298,0.11,3
8.85,338,0.11,3
3.72,619,0.63,1
9.56,253,0.04,3
7.4,538,0.26,2
0.01,100,1.0,1
6.66,475,0.33,2
8.52,256,0.15,3
6.5,486,0.35,2
0.85,731,0.92,1
8.92,378,0.11,3
5.41,786,0.46,2
8.41,246,0.16,3
0.69,748,0.93,1
7.35,698,0.27,2
7.06,407,0.29,2
6.91,403,0.31,2
4.26,710,0.57,1
3.44,131,0.66,1
5.11,773,0.49,2
5.32,596,0.47,2
8.44,267,0.16,3
4.96,418,0.5,1
7.78,458,0.22,2
9.89,421,0.01,3
3.17,128,0.68,1
8.36,391,0.16,3
5.53,568,0.45,2
8.93,334,0.11,3
8.8,353,0.12,3
6.18,678,0.38,2
9.08,392,0.09,3
1.06,105,0.89,1
1.26,610,0.87,1
1.32,106,0.87,1
7.78,658,0.22,2
7.79,713,0.22,2
0.65,120,0.93,1
7.37,695,0.26,2
7.96,613,0.2,2
4.14,82,0.59,1
9.91,374,0.01,3
6.38,545,0.36,2
6.91,700,0.31,2
5.6,597,0.44,2
8.95,334,0.1,3
9.32,302,0.07,3
8.33,448,0.17,3
0.07,834,0.99,1
3.65,786,0.64,1
9.98,273,0.0,3
5.35,562,0.47,2
8.74,347,0.13,3
6.94,789,0.31,2
2.87,817,0.71,1
5.24,624,0.48,2
5.46,739,0.45,2
7.8,722,0.22,2
5.02,571,0.5,2
4.55,404,0.54,1
2.58,458,0.74,1
3.0,353,0.7,1
1.86,732,0.81,1
6.27,626,0.37,2
7.81,421,0.22,2
7.67,721,0.23,2
1.48,730,0.85,1
4.06,124,0.59,1
5.3,687,0.47,2
7.49,416,0.25,2
1.87,73,0.81,1
7.75,556,0.22,2
8.0,242,0.2,3
1.64,844,0.84,1
3.03,570,0.7,1
8.25,253,0.18,3
2.17,466,0.78,1
9.21,353,0.08,3
5.28,578,0.47,2
9.67,423,0.03,3
8.21,256,0.18,3
1.52,69,0.85,1
7.03,749,0.3,2
7.82,421,0.22,2
3.31,473,0.67,1
1.65,84,0.83,1
6.32,604,0.37,2
6.16,500,0.38,2
1.75,745,0.83,1
9.33,258,0.07,3
6.71,593,0.33,2
6.48,626,0.35,2
5.33,699,0.47,2
0.33,885,0.97,1
8.12,310,0.19,3
2.43,134,0.76,1
9.27,288,0.07,3
5.94,763,0.41,2
9.12,281,0.09,3
0.17,133,0.98,1
5.98,588,0.4,2
8.25,414,0.18,3
9.89,299,0.01,3
1.87,499,0.81,1
3.04,585,0.7,1
8.06,360,0.19,3
9.52,421,0.05,3
7.78,533,0.22,2
5.04,402,0.5,2
0.5,456,0.95,1
0.14,141,0.99,1
3.68,391,0.63,1
9.79,363,0.02,3
5.02,793,0.5,2
9.79,364,0.02,3
7.68,516,0.23,2
5.3,768,0.47,2
1.12,634,0.89,1
9.24,258,0.08,3
3.79,891,0.62,1
8.92,425,0.11,3
6.57,590,0.34,2
7.33,610,0.27,2
5.77,415,0.42,2
5.69,459,0.43,2
7.04,700,0.3,2
7.68,774,0.23,2
9.27,275,0.07,3
8.55,250,0.15,3
5.17,791,0.48,2
6.67,662,0.33,2
5.1,644,0.49,2
6.25,702,0.37,2
1.11,74,0.89,1
7.54,731,0.25,2
6.77,688,0.32,2
0.84,883,0.92,1
7.94,535,0.21,2
5.67,504,0.43,2
5.96,467,0.4,2
0.18,722,0.98,1
5.28,468,0.47,2
3.06,356,0.69,1
8.04,262,0.2,3
9.44,218,0.06,3
8.99,411,0.1,3
7.05,797,0.3,2
3.12,576,0.69,1
0.07,70,0.99,1
6.7,621,0.33,2
2.35,854,0.77,1
6.87,711,0.31,2
9.04,414,0.1,3
7.67,496,0.23,2
0.27,777,0.97,1
5.69,492,0.43,2
9.67,338,0.03,3
6.42,556,0.36,2
8.25,304,0.17,3
6.49,583,0.35,2
5.42,605,0.46,2
0.92,338,0.91,1
8.85,356,0.11,3
7.04,588,0.3,2
6.13,656,0.39,2
7.55,749,0.25,2
0.68,678,0.93,1
5.06,755,0.49,2
4.65,730,0.54,1
8.4,258,0.16,3
5.52,522,0.45,2
5.48,482,0.45,2
8.33,207,0.17,3
7.93,532,0.21,2
2.85,843,0.71,1
9.25,278,0.08,3
5.27,671,0.47,2
7.9,504,0.21,2
2.73,724,0.73,1
8.39,265,0.16,3
5.99,744,0.4,2
7.4,632,0.26,2
8.67,407,0.13,3
2.73,79,0.73,1
5.95,506,0.4,2
8.32,396,0.17,3
8.04,374,0.2,3
0.2,541,0.98,1
8.02,346,0.2,3
7.62,433,0.24,2
7.04,667,0.3,2
9.65,210,0.04,3
6.19,524,0.38,2
6.15,572,0.38,2
8.18,430,0.18,3
6.87,732,0.31,2
6.29,563,0.37,2
7.78,731,0.22,2
0.54,556,0.95,1
3.1,386,0.69,1
5.02,526,0.5,2
6.45,791,0.35,2
8.72,211,0.13,3
9.82,405,0.02,3
4.99,83,0.5,1
7.72,494,0.23,2
8.62,444,0.14,3
4.77,64,0.52,1
6.6,591,0.34,2
3.53,414,0.65,1
5.76,782,0.42,2
1.0,445,0.9,1
5.7,596,0.43,2
9.42,344,0.06,3
3.47,399,0.65,1
8.5,304,0.15,3
7.58,450,0.24,2
5.43,681,0.46,2
8.87,322,0.11,3
9.04,321,0.1,3
7.07,442,0.29,2
8.87,218,0.11,3
8.75,225,0.12,3
7.64,755,0.24,2
9.74,200,0.03,3
7.46,546,0.25,2
6.82,546,0.32,2
9.01,316,0.1,3
8.99,244,0.1,3
7.44,710,0.26,2
9.42,263,0.06,3
9.79,248,0.02,3
4.88,138,0.51,1
9.77,335,0.02,3
6.64,420,0.34,2
6.52,659,0.35,2
6.48,468,0.35,2
0.79,417,0.92,1
8.31,267,0.17,3
6.83,461,0.32,2
9.57,259,0.04,3
4.69,795,0.53,1
5.25,567,0.48,2
5.56,579,0.44,2
5.98,712,0.4,2
8.65,409,0.14,3
4.19,391,0.58,1
3.21,583,0.68,1
8.73,271,0.13,3
6.37,537,0.36,2
7.28,741,0.27,2
8.53,379,0.15,3
7.03,590,0.3,2
9.46,438,0.05,3
9.81,403,0.02,3
5.76,548,0.42,2
2.62,105,0.74,1
7.92,764,0.21,2
1.84,554,0.82,1
7.4,609,0.26,2
7.56,722,0.24,2
3.57,561,0.64,1
0.25,592,0.97,1
5.75,677,0.42,2
8.49,212,0.15,3
8.02,434,0.2,3
5.97,498,0.4,2
1.18,382,0.88,1
5.5,611,0.45,2
5.89,414,0.41,2
0.13,743,0.99,1
7.39,572,0.26,2
6.54,685,0.35,2
0.61,633,0.94,1
6.33,658,0.37,2
6.86,617,0.31,2
7.12,613,0.29,2
7.62,572,0.24,2
7.29,633,0.27,2
4.46,318,0.55,1
7.28,781,0.27,2
2.98,556,0.7,1
5.27,625,0.47,2
5.31,644,0.47,2
7.3,762,0.27,2
7.86,746,0.21,2
0.8,561,0.92,1
6.73,633,0.33,2
6.53,441,0.35,2
8.62,442,0.14,3
4.79,354,0.52,1
0.23,723,0.98,1
8.87,432,0.11,3
6.89,738,0.31,2
1.77,843,0.82,1
9.95,425,0.0,3
4.12,545,0.59,1
8.94,338,0.11,3
5.97,430,0.4,2
9.61,234,0.04,3
9.25,302,0.07,3
4.3,123,0.57,1
6.83,436,0.32,2
5.58,483,0.44,2
7.73,561,0.23,2
3.24,822,0.68,1
7.61,614,0.24,2
8.28,287,0.17,3
6.53,771,0.35,2
8.27,243,0.17,3
5.87,645,0.41,2
9.92,363,0.01,3
9.05,252,0.09,3
6.67,696,0.33,2
1.84,518,0.82,1
8.89,388,0.11,3
8.53,342,0.15,3
8.95,436,0.1,3
0.37,140,0.96,1
9.99,369,0.0,3
9.65,411,0.03,3
6.15,773,0.39,2
6.62,578,0.34,2
6.41,419,0.36,2
8.89,347,0.11,3
0.02,447,1.0,1
5.3,763,0.47,2
1.02,76,0.9,1
3.86,825,0.61,1
5.56,514,0.44,2
7.86,498,0.21,2
6.32,519,0.37,2
5.21,719,0.48,2
3.63,341,0.64,1
8.39,420,0.16,3
9.94,319,0.01,3
6.11,473,0.39,2
5.5,792,0.45,2
2.95,675,0.71,1
6.99,446,0.3,2
5.86,776,0.41,2
9.95,209,0.01,3
0.98,306,0.9,1
3.39,438,0.66,1
7.66,677,0.23,2
6.12,582,0.39,2
3.17,518,0.68,1
9.51,352,0.05,3
5.63,710,0.44,2
5.67,478,0.43,2
3.89,437,0.61,1
6.35,631,0.36,2
9.74,312,0.03,3
2.13,663,0.79,1
6.95,461,0.3,2
5.55,700,0.45,2
7.13,419,0.29,2
7.12,490,0.29,2
9.26,346,0.07,3
6.45,638,0.36,2
7.09,573,0.29,2
1.07,303,0.89,1
7.25,717,0.28,2
4.8,601,0.52,1
9.41,380,0.06,3
1.1,305,0.89,1
6.03,714,0.4,2
7.46,452,0.25,2
1.7,545,0.83,1
7.29,438,0.27,2
7.51,426,0.25,2
9.97,222,0.0,3
1.86,765,0.81,1
6.93,703,0.31,2
4.17,723,0.58,1
7.67,680,0.23,2
2.15,596,0.79,1
4.77,377,0.52,1
6.52,410,0.35,2
9.7,331,0.03,3
0.61,518,0.94,1
2.53,879,0.75,1
7.67,660,0.23,2
7.56,588,0.24,2
8.58,232,0.14,3
9.17,422,0.08,3
8.11,325,0.19,3
6.88,717,0.31,2
2.78,725,0.72,1
4.07,663,0.59,1
8.68,227,0.13,3
5.26,787,0.47,2
3.77,107,0.62,1
5.2,648,0.48,2
5.84,764,0.42,2
6.35,617,0.37,2
4.66,524,0.53,1
1.94,660,0.81,1
7.08,422,0.29,2
4.1,67,0.59,1
8.18,408,0.18,3
6.84,461,0.32,2
1.08,376,0.89,1
6.54,635,0.35,2
9.31,352,0.07,3
6.42,565,0.36,2
8.46,201,0.15,3
5.61,756,0.44,2
8.15,226,0.18,3
6.83,509,0.32,2
6.78,529,0.32,2
3.75,428,0.62,1
8.84,344,0.12,3
9.73,292,0.03,3
3.88,98,0.61,1
4.52,418,0.55,1
0.1,673,0.99,1
5.93,528,0.41,2
7.04,423,0.3,2
8.45,449,0.16,3
3.86,434,0.61,1
4.37,815,0.56,1
7.11,622,0.29,2
8.63,330,0.14,3
6.06,756,0.39,2
0.75,646,0.93,1
5.58,556,0.44,2
8.49,367,0.15,3
6.34,775,0.37,2
6.37,627,0.36,2
6.78,751,0.32,2
5.9,485,0.41,2
0.22,138,0.98,1
6.98,645,0.3,2
8.96,417,0.1,3
7.78,679,0.22,2
2.82,619,0.72,1
2.96,488,0.7,1
4.74,684,0.53,1
9.35,289,0.06,3
7.03,784,0.3,2
4.37,854,0.56,1
7.79,559,0.22,2
9.41,210,0.06,3
8.97,315,0.1,3
5.45,587,0.46,2
8.03,268,0.2,3
2.08,736,0.79,1
9.89,352,0.01,3
4.62,765,0.54,1
7.09,769,0.29,2
6.11,685,0.39,2
1.93,543,0.81,1
0.12,380,0.99,1
7.41,795,0.26,2
6.8,774,0.32,2
3.59,127,0.64,1
4.31,787,0.57,1
0.46,329,0.95,1
6.53,612,0.35,2
4.56,520,0.54,1
1.5,618,0.85,1
5.82,452,0.42,2
9.99,282,0.0,3
6.85,687,0.31,2
7.71,624,0.23,2
6.94,781,0.31,2
8.08,283,0.19,3
5.94,680,0.41,2
9.46,447,0.05,3
4.37,759,0.56,1
7.2,441,0.28,2
9.06,273,0.09,3
6.92,483,0.31,2
2.17,111,0.78,1
9.86,332,0.01,3
8.88,386,0.11,3
1.86,680,0.81,1
3.61,801,0.64,1
6.34,740,0.37,2
8.58,280,0.14,3
6.69,464,0.33,2
7.7,675,0.23,2
9.53,435,0.05,3
3.86,312,0.61,1
6.41,538,0.36,2
9.71,205,0.03,3
6.1,566,0.39,2
8.62,435,0.14,3
3.31,703,0.67,1
1.62,800,0.84,1
8.66,333,0.13,3
1.04,591,0.9,1
4.22,730,0.58,1
9.39,435,0.06,3
6.8,790,0.32,2
5.09,689,0.49,2
9.59,345,0.04,3
7.97,436,0.2,2
5.85,656,0.41,2
5.46,482,0.45,2
5.38,506,0.46,2
8.65,322,0.13,3
8.45,297,0.15,3
7.27,760,0.27,2
9.55,257,0.04,3
1.92,384,0.81,1
6.98,417,0.3,2
8.5,308,0.15,3
6.29,576,0.37,2
2.01,758,0.8,1
8.83,305,0.12,3
7.83,506,0.22,2
7.39,643,0.26,2
3.14,412,0.69,1
6.59,750,0.34,2
5.84,492,0.42,2
8.34,306,0.17,3
3.87,584,0.61,1
6.08,740,0.39,2
7.15,758,0.28,2
8.66,438,0.13,3
1.88,837,0.81,1
1.37,481,0.86,1
6.31,690,0.37,2
9.35,251,0.07,3
8.53,237,0.15,3
2.82,368,0.72,1
1.5,85,0.85,1
7.45,704,0.25,2
1.23,879,0.88,1
4.4,77,0.56,1
8.68,310,0.13,3
6.76,527,0.32,2
7.19,416,0.28,2
2.29,379,0.77,1
5.64,573,0.44,2
2.74,369,0.73,1
0.26,872,0.97,1
3.54,66,0.65,1
2.54,578,0.75,1
9.89,394,0.01,3
6.36,542,0.36,2
9.21,344,0.08,3
0.23,867,0.98,1
6.33,445,0.37,2
8.06,408,0.19,3
4.43,737,0.56,1
2.83,487,0.72,1
4.3,542,0.57,1
5.51,553,0.45,2
8.73,437,0.13,3
8.29,244,0.17,3
8.79,201,0.12,3
2.99,779,0.7,1
0.55,853,0.94,1
9.18,392,0.08,3
7.28,548,0.27,2
3.65,551,0.64,1
8.7,430,0.13,3
8.48,399,0.15,3
7.75,580,0.22,2
6.4,491,0.36,2
2.13,127,0.79,1
7.07,512,0.29,2
5.13,727,0.49,2
8.81,202,0.12,3
3.26,667,0.67,1
8.51,390,0.15,3
5.97,618,0.4,2
2.26,139,0.77,1
7.52,636,0.25,2
2.91,603,0.71,1
5.36,566,0.46,2
0.49,549,0.95,1
7.78,550,0.22,2
9.06,376,0.09,3
4.71,618,0.53,1
8.73,225,0.13,3
5.02,590,0.5,2
3.14,887,0.69,1
7.45,603,0.25,2
7.79,755,0.22,2
8.59,336,0.14,3
2.22,590,0.78,1
9.79,303,0.02,3
4.31,404,0.57,1
5.07,559,0.49,2
8.2,305,0.18,3
7.72,747,0.23,2
0.41,676,0.96,1
7.02,412,0.3,2
3.43,79,0.66,1
8.12,253,0.19,3
8.87,375,0.11,3
3.05,735,0.7,1
7.49,641,0.25,2
6.67,630,0.33,2
2.01,506,0.8,1
7.28,593,0.27,2
8.59,303,0.14,3
9.09,336,0.09,3
1.99,462,0.8,1
8.62,421,0.14,3
6.02,617,0.4,2
9.77,240,0.02,3
6.01,416,0.4,2
7.56,552,0.24,2
6.88,550,0.31,2
3.55,136,0.65,1
5.05,486,0.49,2
2.85,128,0.71,1
4.19,109,0.58,1
7.91,433,0.21,2
8.25,298,0.17,3
9.81,326,0.02,3
7.12,733,0.29,2
4.05,103,0.59,1
6.27,603,0.37,2
9.1,438,0.09,3
3.62,787,0.64,1
6.82,625,0.32,2
9.64,230,0.04,3
8.83,263,0.12,3
8.86,402,0.11,3
0.02,597,1.0,1
3.77,465,0.62,1
5.26,514,0.47,2
8.3,361,0.17,3
9.36,402,0.06,3
1.25,140,0.87,1
6.92,665,0.31,2
5.13,713,0.49,2
6.42,759,0.36,2
5.88,749,0.41,2
9.03,232,0.1,3
3.28,94,0.67,1
9.9,401,0.01,3
7.37,540,0.26,2
0.17,531,0.98,1
8.48,251,0.15,3
8.05,396,0.19,3
5.11,767,0.49,2
2.76,464,0.72,1
0.25,369,0.98,1
3.8,591,0.62,1
6.26,771,0.37,2
9.43,421,0.06,3
6.14,645,0.39,2
6.45,560,0.36,2
9.64,308,0.04,3
5.81,440,0.42,2
6.21,406,0.38,2
8.72,345,0.13,3
0.87,833,0.91,1
7.85,799,0.21,2
5.9,743,0.41,2
9.26,398,0.07,3
8.71,343,0.13,3
9.38,205,0.06,3
5.43,493,0.46,2
8.07,254,0.19,3
6.85,613,0.31,2
0.82,442,0.92,1
5.81,779,0.42,2
5.18,691,0.48,2
6.96,511,0.3,2
7.32,771,0.27,2
1.67,101,0.83,1
9.8,222,0.02,3
2.48,363,0.75,1
5.45,654,0.46,2
9.99,293,0.0,3
7.57,446,0.24,2
6.23,482,0.38,2
5.23,678,0.48,2
1.56,372,0.84,1
8.99,343,0.1,3
6.23,477,0.38,2
5.38,441,0.46,2
5.63,522,0.44,2
6.35,683,0.37,2
6.93,685,0.31,2
1.61,562,0.84,1
7.95,725,0.2,2
0.03,325,1.0,1
0.57,620,0.94,1
9.47,253,0.05,3
6.52,724,0.35,2
9.82,327,0.02,3
5.34,626,0.47,2
2.16,680,0.78,1
0.26,306,0.97,1
0.04,366,1.0,1
1.11,892,0.89,1
5.38,618,0.46,2
9.36,274,0.06,3
7.14,691,0.29,2
7.61,748,0.24,2
6.29,656,0.37,2
8.01,447,0.2,3
2.35,823,0.76,1
2.38,379,0.76,1
5.53,545,0.45,2
7.98,797,0.2,2
3.63,331,0.64,1
0.53,879,0.95,1
8.39,240,0.16,3
2.58,641,0.74,1
3.78,485,0.62,1
9.31,309,0.07,3
9.64,272,0.04,3
7.81,465,0.22,2
2.27,780,0.77,1
9.84,333,0.02,3
2.94,767,0.71,1
0.86,307,0.91,1
7.66,668,0.23,2
8.13,425,0.19,3
8.63,443,0.14,3
4.45,828,0.56,1
9.13,230,0.09,3
6.07,716,0.39,2
9.82,203,0.02,3
9.88,397,0.01,3
0.41,312,0.96,1
6.89,794,0.31,2
6.0,649,0.4,2
9.87,400,0.01,3
6.9,742,0.31,2
5.65,467,0.43,2
3.59,366,0.64,1
1.49,636,0.85,1
7.02,422,0.3,2
2.5,502,0.75,1
0.34,837,0.97,1
5.36,426,0.46,2
9.36,304,0.06,3
7.27,711,0.27,2
6.29,404,0.37,2
9.21,250,0.08,3
9.83,447,0.02,3
10.0,261,0.0,3
9.65,257,0.04,3
4.9,477,0.51,1
8.01,205,0.2,3
5.72,675,0.43,2
5.23,465,0.48,2
5.56,716,0.44,2
5.28,593,0.47,2
0.64,443,0.94,1
9.85,406,0.02,3
5.82,619,0.42,2
7.98,452,0.2,2
3.47,799,0.65,1
9.36,438,0.06,3
7.74,787,0.23,2
8.62,249,0.14,3
6.36,751,0.36,2
1.29,751,0.87,1
1.6,532,0.84,1
5.47,744,0.45,2
7.75,587,0.22,2
0.71,302,0.93,1
5.32,556,0.47,2
5.83,470,0.42,2
9.89,225,0.01,3
4.8,322,0.52,1
8.01,418,0.2,3
7.82,526,0.22,2
5.24,496,0.48,2
9.06,431,0.09,3
7.61,579,0.24,2
9.92,282,0.01,3
9.7,252,0.03,3
5.22,734,0.48,2
0.35,540,0.96,1
7.56,789,0.24,2
5.18,699,0.48,2
6.34,523,0.37,2
6.02,702,0.4,2
7.63,617,0.24,2
4.26,634,0.57,1
3.12,514,0.69,1
8.91,381,0.11,3
1.98,889,0.8,1
8.32,269,0.17,3
6.95,702,0.3,2
6.53,724,0.35,2
5.37,625,0.46,2
9.59,344,0.04,3
7.79,571,0.22,2
7.93,745,0.21,2
6.39,566,0.36,2
4.79,542,0.52,1
8.38,336,0.16,3
3.82,648,0.62,1
5.16,484,0.48,2
1.44,676,0.86,1
6.84,619,0.32,2
1.22,382,0.88,1
9.23,246,0.08,3
4.37,745,0.56,1
6.22,504,0.38,2
9.59,275,0.04,3
9.52,274,0.05,3
5.56,444,0.44,2
5.8,728,0.42,2
8.15,318,0.18,3
9.58,389,0.04,3
6.36,637,0.36,2
8.66,430,0.13,3
4.95,702,0.51,1
6.84,509,0.32,2
0.57,368,0.94,1
7.29,643,0.27,2
4.26,660,0.57,1
9.34,243,0.07,3
6.95,411,0.31,2
0.65,450,0.94,1
6.46,455,0.35,2
6.79,517,0.32,2
0.39,535,0.96,1
1.88,116,0.81,1
5.69,537,0.43,2
7.58,701,0.24,2
6.09,546,0.39,2
8.08,446,0.19,3
7.04,415,0.3,2
6.45,442,0.35,2
4.45,109,0.55,1
5.22,685,0.48,2
6.84,604,0.32,2
6.78,493,0.32,2
9.18,277,0.08,3
7.42,464,0.26,2
3.4,489,0.66,1
8.26,390,0.17,3
0.06,140,0.99,1
6.06,493,0.39,2
6.53,796,0.35,2
9.27,310,0.07,3
7.05,440,0.3,2
5.23,429,0.48,2
2.43,770,0.76,1
6.01,432,0.4,2
5.81,645,0.42,2
8.22,253,0.18,3
7.91,708,0.21,2
8.67,448,0.13,3
0.26,813,0.97,1
8.18,228,0.18,3
0.52,78,0.95,1
9.34,394,0.07,3
9.07,399,0.09,3
5.94,624,0.41,2
7.47,792,0.25,2
7.29,439,0.27,2
8.74,209,0.13,3
6.83,447,0.32,2
8.16,432,0.18,3
5.99,556,0.4,2
6.8,668,0.32,2
6.46,795,0.35,2
2.09,86,0.79,1
9.53,273,0.05,3
0.06,556,0.99,1
7.97,587,0.2,2
4.46,594,0.55,1
5.29,553,0.47,2
9.18,286,0.08,3
7.73,509,0.23,2
7.88,468,0.21,2
6.84,671,0.32,2
5.94,673,0.41,2
2.1,412,0.79,1
4.85,559,0.51,1
8.28,346,0.17,3
3.95,770,0.6,1
4.56,416,0.54,1
7.96,752,0.2,2
8.69,226,0.13,3
2.5,775,0.75,1
3.3,89,0.67,1
6.99,586,0.3,2
8.31,397,0.17,3
0.97,693,0.9,1
8.51,281,0.15,3
5.63,724,0.44,2
8.29,315,0.17,3
8.67,358,0.13,3
3.04,73,0.7,1
8.71,270,0.13,3
8.1,299,0.19,3
5.85,764,0.41,2
8.13,378,0.19,3
7.7,525,0.23,2
6.5,595,0.35,2
5.62,702,0.44,2
7.88,504,0.21,2
7.82,665,0.22,2
9.65,290,0.03,3
5.47,614,0.45,2
3.72,107,0.63,1
5.81,799,0.42,2
0.22,430,0.98,1
9.96,363,0.0,3
8.43,443,0.16,3
0.51,70,0.95,1
7.34,546,0.27,2
8.87,237,0.11,3
7.04,732,0.3,2
6.78,506,0.32,2
7.96,419,0.2,2
9.12,263,0.09,3
8.97,282,0.1,3
1.22,799,0.88,1
7.74,492,0.23,2
0.03,604,1.0,1
9.39,277,0.06,3
9.56,203,0.04,3
8.6,237,0.14,3
2.34,554,0.77,1
0.86,757,0.91,1
9.56,273,0.04,3
1.09,382,0.89,1
6.82,682,0.32,2
5.88,532,0.41,2
6.05,485,0.4,2
5.82,435,0.42,2
9.71,254,0.03,3
3.69,426,0.63,1
5.19,490,0.48,2
9.61,251,0.04,3
5.4,429,0.46,2
9.31,335,0.07,3
9.68,401,0.03,3
0.93,692,0.91,1
7.95,666,0.21,2
8.4,415,0.16,3
7.97,463,0.2,2
7.38,573,0.26,2
7.96,570,0.2,2
5.16,736,0.48,2
6.21,406,0.38,2
5.04,400,0.5,2
5.57,476,0.44,2
5.16,525,0.48,2
2.9,697,0.71,1
5.77,435,0.42,2
2.13,867,0.79,1
1.28,360,0.87,1
7.04,657,0.3,2
8.97,233,0.1,3
3.31,667,0.67,1
7.05,654,0.3,2
9.17,394,0.08,3
3.39,141,0.66,1
7.34,689,0.27,2
2.91,378,0.71,1
9.62,227,0.04,3
2.97,506,0.7,1
2.71,94,0.73,1
4.01,142,0.6,1
9.64,254,0.04,3
1.04,759,0.9,1
9.43,420,0.06,3
6.16,570,0.38,2
0.16,717,0.98,1
6.66,623,0.33,2
2.38,582,0.76,1
7.46,580,0.25,2
7.69,746,0.23,2
8.54,208,0.15,3
1.39,845,0.86,1
5.25,454,0.48,2
3.15,741,0.68,1
9.88,250,0.01,3
5.72,543,0.43,2
9.15,384,0.08,3
5.09,425,0.49,2
7.16,486,0.28,2
7.43,564,0.26,2
6.21,671,0.38,2
9.98,286,0.0,3
5.5,481,0.45,2
7.75,557,0.22,2
1.43,573,0.86,1
1.17,741,0.88,1
2.7,776,0.73,1
3.02,701,0.7,1
6.34,538,0.37,2
9.52,280,0.05,3
0.36,356,0.96,1
5.15,534,0.48,2
8.59,390,0.14,3
5.74,691,0.43,2
6.19,484,0.38,2
7.76,655,0.22,2
3.41,556,0.66,1
7.2,605,0.28,2
9.44,353,0.06,3
4.18,861,0.58,1
2.44,83,0.76,1
9.44,235,0.06,3
8.36,399,0.16,3
5.98,463,0.4,2
3.31,630,0.67,1
0.56,343,0.94,1
7.14,423,0.29,2
5.25,761,0.47,2
9.4,431,0.06,3
9.66,342,0.03,3
5.65,530,0.43,2
5.52,503,0.45,2
5.7,635,0.43,2
9.5,366,0.05,3
6.46,474,0.35,2
8.5,222,0.15,3
8.35,292,0.16,3
0.69,403,0.93,1
3.28,135,0.67,1
7.62,485,0.24,2
5.45,648,0.45,2
6.84,704,0.32,2
6.88,774,0.31,2
1.8,730,0.82,1
5.54,550,0.45,2
6.26,471,0.37,2
9.52,320,0.05,3
7.69,454,0.23,2
2.71,779,0.73,1
4.92,572,0.51,1
5.88,469,0.41,2
9.91,303,0.01,3
9.65,320,0.04,3
6.3,623,0.37,2
3.48,331,0.65,1
9.65,259,0.04,3
6.44,638,0.36,2
2.96,478,0.7,1
0.01,360,1.0,1
9.92,306,0.01,3
5.44,620,0.46,2
3.06,859,0.69,1
3.82,314,0.62,1
5.33,540,0.47,2
1.87,550,0.81,1
6.97,767,0.3,2
5.58,508,0.44,2
9.14,313,0.09,3
2.25,467,0.78,1
9.77,220,0.02,3
5.68,564,0.43,2
9.06,283,0.09,3
4.0,674,0.6,1
5.65,533,0.43,2
9.04,300,0.1,3
7.34,536,0.27,2
2.92,119,0.71,1
7.65,548,0.24,2
4.79,561,0.52,1
7.0,618,0.3,2
3.78,132,0.62,1
6.47,445,0.35,2
1.7,87,0.83,1
9.57,364,0.04,3
5.5,791,0.45,2
5.32,597,0.47,2
9.77,202,0.02,3
8.54,209,0.15,3
9.73,349,0.03,3
7.44,714,0.26,2
9.11,441,0.09,3
8.23,412,0.18,3
6.16,645,0.38,2
2.53,822,0.75,1
2.13,863,0.79,1
6.08,576,0.39,2
6.9,720,0.31,2
7.45,613,0.25,2
6.97,687,0.3,2
5.17,467,0.48,2
1.41,704,0.86,1
3.78,459,0.62,1
6.58,486,0.34,2
8.17,311,0.18,3
9.23,273,0.08,3
7.12,789,0.29,2
8.68,449,0.13,3
0.14,794,0.99,1
0.3,81,0.97,1
7.19,649,0.28,2
2.52,855,0.75,1
8.65,445,0.14,3
5.19,414,0.48,2
3.64,76,0.64,1
5.28,768,0.47,2
7.72,777,0.23,2
2.32,314,0.77,1
9.04,218,0.1,3
1.92,864,0.81,1
7.6,546,0.24,2
4.87,310,0.51,1
8.74,202,0.13,3
7.94,786,0.21,2
0.91,639,0.91,1
7.22,472,0.28,2
9.28,411,0.07,3
6.24,790,0.38,2
7.6,781,0.24,2
6.65,401,0.34,2
1.0,411,0.9,1
1.52,516,0.85,1
5.3,416,0.47,2
6.61,577,0.34,2
7.48,571,0.25,2
7.86,735,0.21,2
6.93,470,0.31,2
7.94,607,0.21,2
8.81,449,0.12,3
5.13,634,0.49,2
0.16,133,0.98,1
3.98,472,0.6,1
4.87,516,0.51,1
6.83,624,0.32,2
9.35,300,0.07,3
8.36,336,0.16,3
9.25,404,0.07,3
7.52,777,0.25,2
0.85,590,0.92,1
5.68,401,0.43,2
7.91,677,0.21,2
5.58,542,0.44,2
0.53,844,0.95,1
8.33,213,0.17,3
6.38,481,0.36,2
5.6,709,0.44,2
6.9,554,0.31,2
9.94,243,0.01,3
2.63,354,0.74,1
6.75,608,0.33,2
6.63,783,0.34,2
3.27,326,0.67,1
2.76,362,0.72,1
0.86,638,0.91,1
5.61,667,0.44,2
3.07,547,0.69,1
7.99,775,0.2,2
4.43,339,0.56,1
8.56,295,0.14,3
0.56,736,0.94,1
9.22,378,0.08,3
8.53,211,0.15,3
1.75,444,0.82,1
0.9,374,0.91,1
8.28,334,0.17,3
6.63,439,0.34,2
5.15,558,0.48,2
2.81,715,0.72,1
6.3,554,0.37,2
8.44,383,0.16,3
8.84,274,0.12,3
5.28,418,0.47,2
0.94,602,0.91,1
8.47,433,0.15,3
9.92,409,0.01,3
5.22,627,0.48,2
7.55,798,0.25,2
6.04,474,0.4,2
2.55,633,0.75,1
9.01,429,0.1,3
7.52,459,0.25,2
9.35,242,0.06,3
4.63,319,0.54,1
5.94,666,0.41,2
8.72,306,0.13,3
9.57,424,0.04,3
5.7,564,0.43,2
5.33,508,0.47,2
2.16,796,0.78,1
3.38,859,0.66,1
3.47,885,0.65,1
8.47,225,0.15,3
3.51,735,0.65,1
6.01,467,0.4,2
6.45,691,0.35,2
6.02,517,0.4,2
1.33,356,0.87,1
5.11,474,0.49,2
5.98,667,0.4,2
6.74,783,0.33,2
3.69,146,0.63,1
8.34,281,0.17,3
3.01,124,0.7,1
6.62,676,0.34,2
7.56,708,0.24,2
3.11,441,0.69,1
7.87,751,0.21,2
5.87,493,0.41,2
5.34,619,0.47,2
1.62,431,0.84,1
9.45,287,0.05,3
2.58,428,0.74,1
7.51,646,0.25,2
6.62,770,0.34,2
9.03,276,0.1,3
5.56,654,0.44,2
5.31,479,0.47,2
7.66,626,0.23,2
6.02,628,0.4,2
6.98,420,0.3,2
5.89,530,0.41,2
8.37,277,0.16,3
7.59,566,0.24,2
7.57,524,0.24,2
6.07,733,0.39,2
1.54,707,0.85,1
6.31,615,0.37,2
2.15,105,0.78,1
8.52,416,0.15,3
5.06,689,0.49,2
4.99,823,0.5,1
1.29,528,0.87,1
6.12,527,0.39,2
5.49,738,0.45,2
8.95,413,0.1,3
0.09,671,0.99,1
6.7,759,0.33,2
9.27,391,0.07,3
0.8,125,0.92,1
6.34,523,0.37,2
5.56,650,0.44,2
0.32,498,0.97,1
4.44,332,0.56,1
2.74,588,0.73,1
0.04,148,1.0,1
6.1,588,0.39,2
1.72,689,0.83,1
8.37,410,0.16,3
1.07,63,0.89,1
4.59,575,0.54,1
4.8,827,0.52,1
9.87,255,0.01,3
9.38,417,0.06,3
8.69,393,0.13,3
1.64,364,0.84,1
8.58,330,0.14,3
7.88,534,0.21,2
9.71,308,0.03,3
7.24,765,0.28,2
8.45,422,0.15,3
6.73,732,0.33,2
3.92,657,0.61,1
8.34,305,0.17,3
8.04,228,0.2,3
8.56,443,0.14,3
1.81,751,0.82,1
6.74,611,0.33,2
8.47,310,0.15,3
2.98,450,0.7,1
6.41,410,0.36,2
3.43,557,0.66,1
9.39,202,0.06,3
5.28,712,0.47,2
9.06,370,0.09,3
2.19,813,0.78,1
1.33,567,0.87,1
6.13,771,0.39,2
1.85,123,0.81,1
3.28,398,0.67,1
0.61,857,0.94,1
7.39,533,0.26,2
6.48,778,0.35,2
7.19,418,0.28,2
6.4,771,0.36,2
1.35,546,0.87,1
0.65,814,0.94,1
7.58,732,0.24,2
2.74,67,0.73,1
8.81,298,0.12,3
6.38,500,0.36,2
7.4,733,0.26,2
6.41,749,0.36,2
4.45,431,0.56,1
6.75,621,0.33,2
8.2,286,0.18,3
7.43,486,0.26,2
8.8,247,0.12,3
8.18,328,0.18,3
1.78,660,0.82,1
6.21,571,0.38,2
2.28,145,0.77,1
8.29,207,0.17,3
9.05,334,0.09,3
8.63,320,0.14,3
9.34,238,0.07,3
1.02,129,0.9,1
0.11,866,0.99,1
0.05,442,1.0,1
2.11,852,0.79,1
8.91,302,0.11,3
5.73,420,0.43,2
8.37,249,0.16,3
6.47,407,0.35,2
1.89,710,0.81,1
2.12,634,0.79,1
8.65,233,0.13,3
7.24,443,0.28,2
5.05,413,0.49,2
5.89,738,0.41,2
6.36,563,0.36,2
5.12,757,0.49,2
8.36,230,0.16,3
3.31,696,0.67,1
9.5,312,0.05,3
7.06,605,0.29,2
6.94,622,0.31,2
6.84,687,0.32,2
6.56,672,0.34,2
5.73,400,0.43,2
6.77,788,0.32,2
6.18,480,0.38,2
3.86,82,0.61,1
7.06,588,0.29,2
8.89,271,0.11,3
9.72,241,0.03,3
0.45,471,0.96,1
9.12,293,0.09,3
8.91,278,0.11,3
9.7,410,0.03,3
7.37,471,0.26,2
7.95,516,0.2,2
8.98,209,0.1,3
8.34,357,0.17,3
4.73,86,0.53,1
0.65,867,0.94,1
7.22,599,0.28,2
5.33,623,0.47,2
4.89,777,0.51,1
5.45,714,0.45,2
0.95,426,0.91,1
7.36,525,0.26,2
2.32,748,0.77,1
1.1,868,0.89,1
9.98,401,0.0,3
1.06,504,0.89,1
7.87,715,0.21,2
5.56,763,0.44,2
8.33,417,0.17,3
0.4,694,0.96,1
5.28,527,0.47,2
9.36,382,0.06,3
0.39,466,0.96,1
1.17,415,0.88,1
5.98,728,0.4,2
2.32,308,0.77,1
5.17,791,0.48,2
8.98,221,0.1,3
7.28,476,0.27,2
7.44,707,0.26,2
9.76,434,0.02,3
6.71,716,0.33,2
7.99,405,0.2,2
5.84,504,0.42,2
3.55,350,0.65,1
7.08,500,0.29,2
3.14,128,0.69,1
9.7,441,0.03,3
7.73,723,0.23,2
8.02,441,0.2,3
7.39,450,0.26,2
5.81,516,0.42,2
4.03,305,0.6,1
5.52,635,0.45,2
1.29,103,0.87,1
5.36,470,0.46,2
4.87,538,0.51,1
5.72,596,0.43,2
0.17,102,0.98,1
5.41,675,0.46,2
8.79,356,0.12,3
9.66,315,0.03,3
5.38,604,0.46,2
0.81,98,0.92,1
3.49,573,0.65,1
5.44,455,0.46,2
7.96,438,0.2,2
4.35,343,0.57,1
9.05,302,0.1,3
5.89,522,0.41,2
9.45,367,0.06,3
8.51,354,0.15,3
7.35,523,0.27,2
7.65,560,0.24,2
2.58,507,0.74,1
7.85,594,0.21,2
6.96,441,0.3,2
4.59,701,0.54,1
1.02,121,0.9,1
9.68,273,0.03,3
9.11,374,0.09,3
5.37,785,0.46,2
1.27,133,0.87,1
7.51,606,0.25,2
7.77,414,0.22,2
8.46,412,0.15,3
2.9,139,0.71,1
7.24,721,0.28,2
7.78,578,0.22,2
0.24,447,0.98,1
2.79,410,0.72,1
0.18,798,0.98,1
6.07,757,0.39,2
4.9,115,0.51,1
3.4,758,0.66,1
7.58,460,0.24,2
0.47,426,0.95,1
4.59,67,0.54,1
6.6,759,0.34,2
9.51,442,0.05,3
9.93,376,0.01,3
2.01,118,0.8,1
5.82,630,0.42,2
8.07,392,0.19,3
7.89,772,0.21,2
9.04,251,0.1,3
7.3,758,0.27,2
8.39,349,0.16,3
5.03,480,0.5,2
4.21,455,0.58,1
4.8,527,0.52,1
1.42,371,0.86,1
0.39,113,0.96,1
1.81,817,0.82,1
7.75,599,0.23,2
7.25,429,0.27,2
3.26,592,0.67,1
9.83,297,0.02,3
6.5,792,0.35,2
9.82,263,0.02,3
8.53,252,0.15,3
8.04,441,0.2,3
4.1,84,0.59,1
5.65,634,0.43,2
6.97,406,0.3,2
0.5,551,0.95,1
9.78,261,0.02,3
7.31,515,0.27,2
6.57,453,0.34,2
0.76,676,0.92,1
0.95,502,0.91,1
0.96,846,0.9,1
3.27,530,0.67,1
6.77,489,0.32,2
8.98,405,0.1,3
7.95,708,0.2,2
9.03,318,0.1,3
9.76,441,0.02,3
7.4,484,0.26,2
5.54,538,0.45,2
8.29,358,0.17,3
5.36,530,0.46,2
5.56,720,0.44,2
8.43,246,0.16,3
7.24,512,0.28,2
2.71,873,0.73,1
6.26,787,0.37,2
7.16,625,0.28,2
9.38,423,0.06,3
7.21,516,0.28,2
7.35,518,0.27,2
5.75,726,0.43,2
4.15,661,0.59,1
2.71,85,0.73,1
6.05,425,0.39,2
8.06,365,0.19,3
6.94,542,0.31,2
7.19,676,0.28,2
3.28,467,0.67,1
2.07,560,0.79,1
7.11,523,0.29,2
5.18,674,0.48,2
6.05,682,0.4,2
6.41,604,0.36,2
6.98,515,0.3,2
0.78,117,0.92,1
8.82,242,0.12,3
9.66,420,0.03,3
7.58,406,0.24,2
0.46,124,0.95,1
2.48,583,0.75,1
7.61,468,0.24,2
7.32,412,0.27,2
7.45,772,0.26,2
8.64,346,0.14,3
1.29,356,0.87,1
7.63,538,0.24,2
6.3,583,0.37,2
8.59,356,0.14,3
5.18,595,0.48,2
8.2,217,0.18,3
3.82,734,0.62,1
6.4,755,0.36,2
9.62,403,0.04,3
6.37,745,0.36,2
8.05,212,0.2,3
8.55,418,0.14,3
5.36,432,0.46,2
1.25,593,0.88,1
7.96,576,0.2,2
6.57,615,0.34,2
5.03,400,0.5,2
0.51,123,0.95,1
4.47,857,0.55,1
9.88,267,0.01,3
5.53,722,0.45,2
9.7,308,0.03,3
8.2,210,0.18,3
8.85,448,0.11,3
4.28,587,0.57,1
9.63,428,0.04,3
4.75,391,0.53,1
2.16,796,0.78,1
7.49,691,0.25,2
4.74,336,0.53,1
8.61,325,0.14,3
5.52,543,0.45,2
1.02,412,0.9,1
7.39,627,0.26,2
9.27,372,0.07,3
6.35,675,0.37,2
4.3,766,0.57,1
3.84,61,0.62,1
0.33,768,0.97,1
9.63,201,0.04,3
7.11,462,0.29,2
5.25,472,0.47,2
6.96,458,0.3,2
1.02,443,0.9,1
1.98,692,0.8,1
7.33,687,0.27,2
0.24,826,0.98,1
0.74,313,0.93,1
6.75,794,0.33,2
8.82,292,0.12,3
0.76,382,0.92,1
0.57,444,0.94,1
7.88,631,0.21,2
8.74,314,0.13,3
5.55,457,0.45,2
9.97,211,0.0,3
2.12,411,0.79,1
5.39,582,0.46,2
1.76,356,0.82,1
7.95,531,0.21,2
9.69,438,0.03,3
9.32,414,0.07,3
2.31,893,0.77,1
9.92,394,0.01,3
9.41,390,0.06,3
7.77,730,0.22,2
9.35,276,0.07,3
4.68,651,0.53,1
0.75,134,0.93,1
9.63,361,0.04,3
5.91,403,0.41,2
8.17,357,0.18,3
6.58,770,0.34,2
3.87,331,0.61,1
2.15,337,0.79,1
9.06,207,0.09,3
3.06,783,0.69,1
6.66,719,0.33,2
5.67,645,0.43,2
7.2,648,0.28,2
8.39,437,0.16,3
7.02,439,0.3,2
7.31,682,0.27,2
2.73,352,0.73,1
9.79,205,0.02,3
9.84,288,0.02,3
6.33,662,0.37,2
5.97,569,0.4,2
4.16,509,0.58,1
7.68,598,0.23,2
7.87,754,0.21,2
2.37,882,0.76,1
6.11,478,0.39,2
3.7,762,0.63,1
9.55,260,0.05,3
4.93,504,0.51,1
7.72,634,0.23,2
4.45,896,0.56,1
4.31,534,0.57,1
7.74,789,0.23,2
1.06,348,0.89,1
5.04,564,0.5,2
2.03,63,0.8,1
8.42,282,0.16,3
9.49,254,0.05,3
3.58,534,0.64,1
8.89,286,0.11,3
7.25,760,0.28,2
2.62,319,0.74,1
7.66,544,0.23,2
9.26,433,0.07,3
8.21,257,0.18,3
5.51,597,0.45,2
7.87,573,0.21,2
9.88,419,0.01,3
2.48,508,0.75,1
6.08,730,0.39,2
6.57,792,0.34,2
2.44,129,0.76,1
3.06,443,0.69,1
8.65,282,0.13,3
5.55,513,0.44,2
6.06,609,0.39,2
6.7,661,0.33,2
5.38,704,0.46,2
8.51,301,0.15,3
6.6,663,0.34,2
3.61,337,0.64,1
7.48,580,0.25,2
4.93,833,0.51,1
8.82,245,0.12,3
9.06,413,0.09,3
6.01,794,0.4,2
5.42,487,0.46,2
5.13,585,0.49,2
7.34,541,0.27,2
8.36,347,0.16,3
3.67,896,0.63,1
9.11,321,0.09,3
9.87,447,0.01,3
7.97,462,0.2,2
0.45,84,0.96,1
9.71,394,0.03,3
6.54,683,0.35,2
7.52,670,0.25,2
6.61,754,0.34,2
1.91,766,0.81,1
7.67,538,0.23,2
7.67,585,0.23,2
6.0,510,0.4,2
5.36,751,0.46,2
8.38,373,0.16,3
5.55,509,0.44,2
7.1,655,0.29,2
7.31,703,0.27,2
7.36,533,0.26,2
9.23,405,0.08,3
5.66,616,0.43,2
7.09,590,0.29,2
9.36,371,0.06,3
4.92,805,0.51,1
8.66,333,0.13,3
2.69,387,0.73,1
6.95,556,0.31,2
7.63,443,0.24,2
8.34,209,0.17,3
3.83,543,0.62,1
9.05,205,0.1,3
5.33,715,0.47,2
1.73,756,0.83,1
8.74,407,0.13,3
4.04,694,0.6,1
1.51,379,0.85,1
5.61,657,0.44,2
8.02,335,0.2,3
7.74,602,0.23,2
6.41,507,0.36,2
2.04,331,0.8,1
5.92,613,0.41,2
4.66,836,0.53,1
1.72,668,0.83,1
1.77,450,0.82,1
9.71,344,0.03,3
7.79,772,0.22,2
8.25,240,0.17,3
6.62,407,0.34,2
4.44,138,0.56,1
7.67,637,0.23,2
8.85,228,0.11,3
6.37,620,0.36,2
4.96,446,0.5,1
2.63,622,0.74,1
7.32,606,0.27,2
7.17,410,0.28,2
7.65,406,0.23,2
7.78,541,0.22,2
7.94,479,0.21,2
4.3,821,0.57,1
6.54,734,0.35,2
5.8,406,0.42,2
7.58,758,0.24,2
9.76,345,0.02,3
7.32,695,0.27,2
5.26,770,0.47,2
6.09,651,0.39,2
5.63,734,0.44,2
0.93,543,0.91,1
7.9,723,0.21,2
8.28,217,0.17,3
5.87,731,0.41,2
7.91,501,0.21,2
6.5,495,0.35,2
6.33,578,0.37,2
5.05,608,0.49,2
5.0,523,0.5,2
1.97,379,0.8,1
7.08,652,0.29,2
8.9,329,0.11,3
8.86,375,0.11,3
6.25,704,0.37,2
1.69,80,0.83,1
5.69,631,0.43,2
9.57,291,0.04,3
9.19,299,0.08,3
9.46,387,0.05,3
2.34,817,0.77,1
7.05,635,0.29,2
8.57,343,0.14,3
3.45,739,0.65,1
3.38,548,0.66,1
2.1,416,0.79,1
6.15,695,0.38,2
9.21,205,0.08,3
9.37,208,0.06,3
8.4,344,0.16,3
6.26,755,0.37,2
5.23,778,0.48,2
9.37,316,0.06,3
3.95,345,0.6,1
2.69,396,0.73,1
2.12,382,0.79,1
0.38,78,0.96,1
7.43,581,0.26,2
5.1,427,0.49,2
2.72,743,0.73,1
6.18,447,0.38,2
8.73,384,0.13,3
7.22,762,0.28,2
9.07,327,0.09,3
4.68,101,0.53,1
2.16,376,0.78,1
6.68,535,0.33,2
4.72,764,0.53,1
8.73,390,0.13,3
5.6,449,0.44,2
5.41,799,0.46,2
2.21,571,0.78,1
6.71,459,0.33,2
8.66,347,0.13,3
7.67,734,0.23,2
6.17,601,0.38,2
9.76,225,0.02,3
7.33,572,0.27,2
6.23,641,0.38,2
8.99,252,0.1,3
0.21,635,0.98,1
5.62,678,0.44,2
5.78,537,0.42,2
8.75,390,0.13,3
7.38,707,0.26,2
7.56,775,0.24,2
5.71,559,0.43,2
9.3,244,0.07,3
3.41,450,0.66,1
